iteration,discreward
0,-1.8496139365
20,-1.1657467280
40,-0.8357755725
60,-0.8217773165
80,-0.4913938625
100,-0.4232455529
120,-0.2783746806
140,-0.2668870064
160,-0.1215652961
180,-0.1585315704
200,-0.1080052376
220,-0.1042615913
240,-0.1371039276
260,-0.0716963598
280,-0.0667308705
300,-0.0700659747
320,-0.0606329471
340,-0.0496275078
360,-0.0803782699
380,-0.0582661207
400,-0.0999029222
420,-0.0626713934
440,-0.0759656409
460,-0.0477608827
480,-0.0749432885
500,-0.0824703013
520,-0.0602974376
540,-0.0561361571
560,-0.0886210471
580,-0.0546914793
600,-0.0383264453
620,-0.0429955615
640,-0.0572174644
660,-0.1083749876
680,-0.0612163361
700,-0.0448069788
720,-0.0248198996
740,-0.0797196873
760,-0.0365665205
780,-0.0498724081
800,-0.0544065145
820,-0.0428186933
840,-0.0699695686
860,-0.0631307168
880,-0.0412009181
900,-0.0825023748
920,-0.0660779671
940,-0.0695730353
960,-0.0529419955
980,-0.0473632383
1000,-0.0509342711
1020,-0.1073366267
1040,-0.0727409426
1060,-0.0507371852
1080,-0.1000489988
1100,-0.0747414076
1120,-0.0432392973
1140,-0.0293972447
1160,-0.0354511619
1180,-0.0540826854
1200,-0.0636642647
1220,-0.0361883397
1240,-0.0404734931
1260,-0.0559342583
1280,-0.0641924043
1300,-0.0560925121
1320,-0.1105008085
1340,-0.0788307419
1360,-0.0772937814
1380,-0.0576157106
1400,-0.0718996703
1420,-0.0395098615
1440,-0.0397754195
1460,-0.0537980749
1480,-0.0328010354
1500,-0.0376540261
1520,-0.0257022969
1540,-0.0514776199
1560,-0.0553838375
1580,-0.0598282286
1600,-0.0553230560
1620,-0.0654888145
1640,-0.0322449854
1660,-0.0506335833
1680,-0.0475285017
1700,-0.0552986638
1720,-0.0566089252
1740,-0.0192326588
1760,-0.0408039112
1780,-0.0323253478
1800,-0.0687187321
1820,-0.0552045938
1840,-0.0365507704
1860,-0.0359788407
1880,-0.0369814305
1900,-0.0360476484
1920,-0.0517304216
1940,-0.1030868602
1960,-0.0513148302
1980,-0.0382557491
2000,-0.0398273975
2020,-0.0540113500
2040,-0.0541064642
2060,-0.0608095122
2080,-0.0782233166
2100,-0.0858213113
2120,-0.0512823805
2140,-0.0328908120
2160,-0.0448728288
2180,-0.0659464767
2200,-0.0528770138
2220,-0.0543466431
2240,-0.0678965568
2260,-0.0409120464
2280,-0.0440868347
2300,-0.0712036815
2320,-0.0694670752
2340,-0.0588551293
2360,-0.0433305972
2380,-0.0454620021
2400,-0.0798681487
2420,-0.0364609212
2440,-0.0489218457
2460,-0.1107084900
2480,-0.0370066141
2500,-0.0623887359
2520,-0.0392185177
2540,-0.0695488419
2560,-0.0903974089
2580,-0.0534663878
2600,-0.0582443853
2620,-0.0284927084
2640,-0.0267132054
2660,-0.0535760311
2680,-0.0693657831
2700,-0.0448671457
2720,-0.0377538228
2740,-0.1536329744
2760,-0.0357050040
2780,-0.0549525066
2800,-0.0337906578
2820,-0.0457825530
2840,-0.0366510163
2860,-0.1148120503
2880,-0.0529084659
2900,-0.0614544429
2920,-0.0741297820
2940,-0.0455868428
2960,-0.0445872797
2980,-0.0486915759
3000,-0.0768802672
3020,-0.0606315150
3040,-0.0641299269
3060,-0.0455066844
3080,-0.0377611327
3100,-0.0930918112
3120,-0.0319392674
3140,-0.0399738281
3160,-0.0321675859
3180,-0.0379868749
3200,-0.0415173924
3220,-0.0651886870
3240,-0.0536140561
3260,-0.0609723640
3280,-0.0464458614
3300,-0.0510482138
3320,-0.0690772942
3340,-0.0360660697
3360,-0.0402526979
3380,-0.0398163677
3400,-0.0483142121
3420,-0.0657264729
3440,-0.0394172548
3460,-0.0978941428
3480,-0.0413380084
3500,-0.0724111915
3520,-0.0515262437
3540,-0.0525728374
3560,-0.0375662285
3580,-0.0469634635
3600,-0.0498256118
3620,-0.0508128479
3640,-0.0540201202
3660,-0.0398208143
3680,-0.0697198143
3700,-0.0286229365
3720,-0.0264260719
3740,-0.0557622661
3760,-0.0515181373
3780,-0.0366250563
3800,-0.0434495629
3820,-0.0343406864
3840,-0.0358674087
3860,-0.0333663756
3880,-0.0372380296
3900,-0.1436915762
3920,-0.1259898167
3940,-0.0368861422
3960,-0.0367087376
3980,-0.0494240790
4000,-0.0484653501
4020,-0.0467851718
4040,-0.0590623483
4060,-0.0733841165
4080,-0.0402040227
4100,-0.0436036414
4120,-0.0366400315
4140,-0.0287785185
4160,-0.0200462707
4180,-0.0575082118
4200,-0.0615113572
4220,-0.0726761269
4240,-0.0489716348
4260,-0.0514989298
4280,-0.0157245851
4300,-0.0503664897
4320,-0.0225167533
4340,-0.0303234321
4360,-0.0379218684
4380,-0.0117751287
4400,-0.0356365119
4420,-0.0660616974
4440,-0.0745035950
4460,-0.0549753503
4480,-0.0314853480
4500,-0.0444191097
4520,-0.0322550421
4540,-0.0320580152
4560,-0.0211898427
4580,-0.0221755376
4600,-0.0439355339
4620,-0.0451108025
4640,-0.0341217910
4660,-0.0508956101
4680,-0.0439635207
4700,-0.0319146574
4720,-0.0490310281
4740,-0.0302201542
4760,-0.0522411913
4780,-0.0597030475
4800,-0.0552563025
4820,-0.1057915648
4840,-0.0638477211
4860,-0.0829690532
4880,-0.0559130661
4900,-0.1093774818
4920,-0.0436826117
4940,-0.0225392106
4960,-0.0543855578
4980,-0.0299787701
5000,-0.0370736320
5020,-0.0561886057
5040,-0.0330484414
5060,-0.0217777919
5080,-0.0900487926
5100,-0.0638235333
5120,-0.0699075542
5140,-0.0415477849
5160,-0.1170832572
5180,-0.1965888855
5200,-0.0448368574
5220,-0.0322840339
5240,-0.0301796433
5260,-0.0435155603
5280,-0.0527879320
5300,-0.0382125820
5320,-0.0681108500
5340,-0.0662048712
5360,-0.0605405073
5380,-0.1437035849
5400,-0.0287005125
5420,-0.0340067305
5440,-0.0538698523
5460,-0.0177197484
5480,-0.0554388070
5500,-0.0333814327
5520,-0.0622692581
5540,-0.0521971135
5560,-0.0247387653
5580,-0.0496995907
5600,-0.0205859072
5620,-0.0340277282
5640,-0.0232452981
5660,-0.0306137976
5680,-0.0764472760
5700,-0.0546362762
5720,-0.0318657822
5740,-0.0634068359
5760,-0.0563316851
5780,-0.0512584622
5800,-0.0310446217
5820,-0.0273398940
5840,-0.0328592675
5860,-0.0407386791
5880,-0.0475235556
5900,-0.0320292573
5920,-0.0633620967
5940,-0.0798891698
5960,-0.0365767738
5980,-0.0722819562
6000,-0.1113271290
6020,-0.0509476500
6040,-0.0374150916
6060,-0.0340704171
6080,-0.0545275161
6100,-0.0449991183
6120,-0.0681859298
6140,-0.0420528793
6160,-0.0204051955
6180,-0.0461686895
6200,-0.0197244135
6220,-0.0355246375
6240,-0.0305693938
6260,-0.0325735874
6280,-0.0453646708
6300,-0.0249542271
6320,-0.0919753538
6340,-0.0896482961
6360,-0.0564116950
6380,-0.0507308107
6400,-0.0460059695
6420,-0.0363141268
6440,-0.0376268043
6460,-0.0350301247
6480,-0.0198878050
6500,-0.0269715555
6520,-0.0368281120
6540,-0.0433719621
6560,-0.0577840160
6580,-0.1495452051
6600,-0.1455257010
6620,-0.0976546788
6640,-0.1143128340
6660,-0.0468728515
6680,-0.0458608511
6700,-0.0332897535
6720,-0.0301179484
6740,-0.0687578136
6760,-0.0388212757
6780,-0.0437462170
6800,-0.0404557169
6820,-0.0482255499
6840,-0.0695019385
6860,-0.0834059046
6880,-0.0741062541
6900,-0.0652235907
6920,-0.0528482747
6940,-0.0368475833
6960,-0.0170624728
6980,-0.0333580160
7000,-0.0350042040
7020,-0.0271752754
7040,-0.0360638021
7060,-0.0472741234
7080,-0.0476861197
7100,-0.0406368976
7120,-0.0410103192
7140,-0.0564975401
7160,-0.0213932225
7180,-0.0548865285
7200,-0.0534547954
7220,-0.0560815515
7240,-0.0472053647
7260,-0.0878841127
7280,-0.0454335223
7300,-0.0460700152
7320,-0.0645891590
7340,-0.0245299079
7360,-0.0403069635
7380,-0.0897703587
7400,-0.0290972418
7420,-0.0220198221
7440,-0.0496559233
7460,-0.0649725823
7480,-0.0774051800
7500,-0.0629601522
7520,-0.0689227679
7540,-0.0729795167
7560,-0.0436161982
7580,-0.0220230005
7600,-0.0265937633
7620,-0.0396075061
7640,-0.0321479952
7660,-0.0348135554
7680,-0.0417388883
7700,-0.0325232594
7720,-0.0647665488
7740,-0.0412974751
7760,-0.0525829442
7780,-0.0413554385
7800,-0.0242970444
7820,-0.0233125408
7840,-0.0266990133
7860,-0.0411346387
7880,-0.0569831446
7900,-0.0184900019
7920,-0.0600635949
7940,-0.0202467590
7960,-0.0497540927
7980,-0.0309245625
8000,-0.0662512771
8020,-0.0669920731
8040,-0.1362345325
8060,-0.0738216910
8080,-0.0797407941
8100,-0.0468848278
8120,-0.0404006998
8140,-0.0428577650
8160,-0.0471533515
8180,-0.0615405233
8200,-0.0939819542
8220,-0.0623106293
8240,-0.0542499573
8260,-0.0717082735
8280,-0.0802980078
8300,-0.0290873234
8320,-0.0671425656
8340,-0.0372937275
8360,-0.0314613521
8380,-0.0426816600
8400,-0.0605110052
8420,-0.0212684359
8440,-0.0334113848
8460,-0.0334015528
8480,-0.0547702676
8500,-0.0356679863
8520,-0.0335868710
8540,-0.0615618673
8560,-0.0404000180
8580,-0.0562725382
8600,-0.0525886096
8620,-0.0370060299
8640,-0.0573135123
8660,-0.0578587090
8680,-0.0764303277
8700,-0.0355085313
8720,-0.0152985568
8740,-0.0360385769
8760,-0.0470221934
8780,-0.0479200971
8800,-0.0336737293
8820,-0.0204174220
8840,-0.0240999691
8860,-0.0157968571
8880,-0.0274951544
8900,-0.0279748840
8920,-0.0579111874
8940,-0.0559250487
8960,-0.0771909139
8980,-0.0371627742
9000,-0.0380621811
9020,-0.0370103916
9040,-0.0335896680
9060,-0.0299186779
9080,-0.0182541721
9100,-0.0342682552
9120,-0.0427379712
9140,-0.0215929826
9160,-0.0299800878
9180,-0.0438685914
9200,-0.0292136103
9220,-0.0696931708
9240,-0.0624686291
9260,-0.0596712936
9280,-0.0403535235
9300,-0.0492896778
9320,-0.0387647730
9340,-0.0471979743
9360,-0.0610419989
9380,-0.0244002784
9400,-0.0849923229
9420,-0.0309863191
9440,-0.0384681214
9460,-0.0788376504
9480,-0.0498366589
9500,-0.0449270688
9520,-0.0321446731
9540,-0.0347134063
9560,-0.0242509075
9580,-0.0650360461
9600,-0.0950115566
9620,-0.0601426248
9640,-0.0278018590
9660,-0.0183539507
9680,-0.0282887494
9700,-0.0270260895
9720,-0.0226458179
9740,-0.0727132082
9760,-0.0310237730
9780,-0.0461177902
9800,-0.0293657562
9820,-0.0216246561
9840,-0.0421567630
9860,-0.0508570798
9880,-0.1111338420
9900,-0.0381644327
9920,-0.0455643330
9940,-0.0242064408
9960,-0.0428938249
9980,-0.0520677291
10000,-0.1260011637
10020,-0.1257431718
10040,-0.0910151669
10060,-0.0720301115
10080,-0.0326131572
10100,-0.0731720157
10120,-0.0247953633
10140,-0.0727959983
10160,-0.0466365202
10180,-0.0291630244
10200,-0.0257653591
10220,-0.0481215272
10240,-0.0351028649
10260,-0.0439714304
10280,-0.0531124468
10300,-0.0523134033
10320,-0.0454995241
10340,-0.0521270105
10360,-0.0420680209
10380,-0.0412440836
10400,-0.0821165268
10420,-0.0413158000
10440,-0.0489596811
10460,-0.0421362360
10480,-0.0574558557
10500,-0.0663314638
10520,-0.0727142468
10540,-0.0558004906
10560,-0.0284408573
10580,-0.0523210205
10600,-0.0413224083
10620,-0.0397403529
10640,-0.0503018684
10660,-0.0712472504
10680,-0.0582054120
10700,-0.0259228102
10720,-0.0615475807
10740,-0.0439334979
10760,-0.0808885735
10780,-0.0305015766
10800,-0.0293702657
10820,-0.0607375581
10840,-0.0721384293
10860,-0.0248346900
10880,-0.0247078701
10900,-0.0390153797
10920,-0.0247926745
10940,-0.0483755183
10960,-0.0374122309
10980,-0.0560249568
11000,-0.0673862455
11020,-0.0329194188
11040,-0.0470389233
11060,-0.0467009658
11080,-0.0215854817
11100,-0.0563952281
11120,-0.0436561228
11140,-0.0366435200
11160,-0.0307426743
11180,-0.0518278487
11200,-0.0331484301
11220,-0.0546597338
11240,-0.0483430128
11260,-0.0404888007
11280,-0.0666534350
11300,-0.0506178489
11320,-0.0232768199
11340,-0.0514760230
11360,-0.0181737310
11380,-0.0692484829
11400,-0.0488308383
11420,-0.0524052672
11440,-0.0836615298
11460,-0.0466183678
11480,-0.0585401670
11500,-0.0488577596
11520,-0.0229548013
11540,-0.0634852712
11560,-0.0316211980
11580,-0.0894480987
11600,-0.0789356386
11620,-0.0853493905
11640,-0.0386200247
11660,-0.0327639680
11680,-0.0324477831
11700,-0.0242346107
11720,-0.0366217997
11740,-0.0551320778
11760,-0.0558165891
11780,-0.0372927788
11800,-0.0461754370
11820,-0.0333371410
11840,-0.0252100173
11860,-0.0468566803
11880,-0.0636623187
11900,-0.0504390347
11920,-0.1933907629
11940,-0.0458316102
11960,-0.0418698308
11980,-0.0277452880
12000,-0.0986286953
12020,-0.1333146232
12040,-0.1771537917
12060,-0.0819916499
12080,-0.0676265571
12100,-0.0238915532
12120,-0.0402829375
12140,-0.0649836782
12160,-0.0335828348
12180,-0.0569490945
12200,-0.0489768621
12220,-0.0384505199
12240,-0.0833496194
12260,-0.0662740610
12280,-0.0602799512
12300,-0.0568288208
12320,-0.0569267293
12340,-0.0565701272
12360,-0.0471009551
12380,-0.0254737335
12400,-0.0384330878
12420,-0.0377104464
12440,-0.0231521347
12460,-0.0297707823
12480,-0.0595434818
12500,-0.0623281965
12520,-0.0334548499
12540,-0.0312251799
12560,-0.0350521366
12580,-0.0442678048
12600,-0.0672083184
12620,-0.0465045276
12640,-0.0621303511
12660,-0.0342073847
12680,-0.0432867483
12700,-0.0344831043
12720,-0.0415740577
12740,-0.0889486176
12760,-0.1024760646
12780,-0.1036015876
12800,-0.1300687859
12820,-0.0735298745
12840,-0.1025676447
12860,-0.0376435941
12880,-0.0198182883
12900,-0.0308213912
12920,-0.0386905957
12940,-0.0143503095
12960,-0.0480621431
12980,-0.0339647924
13000,-0.0304498141
13020,-0.0127086144
13040,-0.0435548697
13060,-0.0454362017
13080,-0.0564552994
13100,-0.0396289022
13120,-0.0380300234
13140,-0.0345708450
13160,-0.0288926883
13180,-0.0291814713
13200,-0.0326823344
13220,-0.0319141764
13240,-0.0356352884
13260,-0.0538779714
13280,-0.0286850279
13300,-0.0305685722
13320,-0.0525920102
13340,-0.1112805282
13360,-0.0701901705
13380,-0.0589055854
13400,-0.0679272959
13420,-0.1047953208
13440,-0.0664996287
13460,-0.0744004017
13480,-0.0585297638
13500,-0.0306342820
13520,-0.0586658698
13540,-0.0442422497
13560,-0.0512165886
13580,-0.0311178630
13600,-0.0259678591
13620,-0.0296581383
13640,-0.0223482008
13660,-0.0405312517
13680,-0.0150886307
13700,-0.0312110482
13720,-0.0241215025
13740,-0.0304632370
13760,-0.0397501957
13780,-0.0500432933
13800,-0.0619380050
13820,-0.0709822568
13840,-0.0431634923
13860,-0.0363126668
13880,-0.0457874302
13900,-0.0582132311
13920,-0.0178783080
13940,-0.1013998882
13960,-0.0628310720
13980,-0.0395054412
14000,-0.0350899195
14020,-0.0414356718
14040,-0.0217657377
14060,-0.0249210877
14080,-0.0281872153
14100,-0.0300669916
14120,-0.0090548033
14140,-0.0463216733
14160,-0.0194444098
14180,-0.0346065250
14200,-0.0559828124
14220,-0.0466227515
14240,-0.0894361117
14260,-0.1230742646
14280,-0.0683393791
14300,-0.0775979461
14320,-0.0483925787
14340,-0.0310855348
14360,-0.0182534830
14380,-0.0186586642
14400,-0.0089326946
14420,-0.0563354644
14440,-0.0304365830
14460,-0.0168611155
14480,-0.0231094072
14500,-0.0426038814
14520,-0.0172830643
14540,-0.0316527241
14560,-0.0212105923
14580,-0.0347764255
14600,-0.0426955908
14620,-0.0352129763
14640,-0.0353881532
14660,-0.0531078784
14680,-0.0386130596
14700,-0.0084314830
14720,-0.0562925287
14740,-0.0627771506
14760,-0.0604202403
14780,-0.0716275855
14800,-0.0602597850
14820,-0.0600406294
14840,-0.0327755763
14860,-0.0379819481
14880,-0.0253791905
14900,-0.0413377543
14920,-0.0286230531
14940,-0.0300027915
14960,-0.0282412120
14980,-0.0308756706
15000,-0.0344598734
15020,-0.0409992405
15040,-0.0337091862
15060,-0.0202191010
15080,-0.0285603742
15100,-0.0437894293
15120,-0.0320073408
15140,-0.0286496137
15160,-0.0445296309
15180,-0.0428345227
15200,-0.0493914741
15220,-0.0249642418
15240,-0.0459390774
15260,-0.0309043882
15280,-0.0491327680
15300,-0.0414637924
15320,-0.0392858303
15340,-0.0262282157
15360,-0.0377295008
15380,-0.0367527472
15400,-0.0306411254
15420,-0.0087764027
15440,-0.0434301118
15460,-0.0202635096
15480,-0.0370653239
15500,-0.0459712800
15520,-0.0417088937
15540,-0.0270065355
15560,-0.0451564482
15580,-0.0474491766
15600,-0.0316486487
15620,-0.0283776279
15640,-0.0367191598
15660,-0.0455675115
15680,-0.0511313135
15700,-0.0548841045
15720,-0.0572546561
15740,-0.0356245819
15760,-0.0279500566
15780,-0.0283380000
15800,-0.0389294682
15820,-0.0525781079
15840,-0.0531056241
15860,-0.0470595135
15880,-0.0453558115
15900,-0.0664247068
15920,-0.0651408652
15940,-0.0786694259
15960,-0.0503176588
15980,-0.0450483298
16000,-0.0532894693
16020,-0.0594926499
16040,-0.0350196307
16060,-0.0114417389
16080,-0.0500853904
16100,-0.0330228318
16120,-0.0433240516
16140,-0.0427171917
16160,-0.0252350498
16180,-0.0400791531
16200,-0.0277508883
16220,-0.0271896956
16240,-0.0370278841
16260,-0.0521599721
16280,-0.0319267214
16300,-0.0285573587
16320,-0.0342323453
16340,-0.0482091190
16360,-0.0389870957
16380,-0.0363700702
16400,-0.0289559265
16420,-0.0418687411
16440,-0.0516136393
16460,-0.0398209516
16480,-0.0635914091
16500,-0.0402192252
16520,-0.0317983653
16540,-0.0471654635
16560,-0.0251477187
16580,-0.0212783819
16600,-0.0579905172
16620,-0.0508822914
16640,-0.0459519695
16660,-0.0181921186
16680,-0.0265115260
16700,-0.0359787659
16720,-0.0426565865
16740,-0.0259396755
16760,-0.0273593145
16780,-0.0201340102
16800,-0.0546963947
16820,-0.0536550688
16840,-0.0278926345
16860,-0.0300448978
16880,-0.0574946323
16900,-0.0273942275
16920,-0.0467675027
16940,-0.0406258774
16960,-0.0300512667
16980,-0.0262496234
17000,-0.0240663718
17020,-0.0425810236
17040,-0.0408544605
17060,-0.0312784752
17080,-0.0306707106
17100,-0.0207651256
17120,-0.0450132751
17140,-0.0242901102
17160,-0.0475232631
17180,-0.0300778609
17200,-0.0623261159
17220,-0.0406566001
17240,-0.0495443585
17260,-0.0444839246
17280,-0.0316045309
17300,-0.0374565564
17320,-0.0488261594
17340,-0.0395677962
17360,-0.0394107792
17380,-0.0187564095
17400,-0.0574258825
17420,-0.0105278572
17440,-0.0449657666
17460,-0.0371641459
17480,-0.0401541812
17500,-0.0307314690
17520,-0.0413182646
17540,-0.0161538939
17560,-0.0650139053
17580,-0.0571518070
17600,-0.0239559379
17620,-0.0283466467
17640,-0.0493253991
17660,-0.0415443215
17680,-0.0633110348
17700,-0.0355866500
17720,-0.0542265379
17740,-0.0510651320
17760,-0.0604279019
17780,-0.0392070233
17800,-0.0781409822
17820,-0.0949230440
17840,-0.0691022607
17860,-0.0580212939
17880,-0.0386278871
17900,-0.0795984359
17920,-0.1008957246
17940,-0.0431671866
17960,-0.0453494075
17980,-0.0415916003
18000,-0.0178138269
18020,-0.0458504768
18040,-0.0443225917
18060,-0.0405155936
18080,-0.0152882316
18100,-0.0336589105
18120,-0.0351918059
18140,-0.0383048005
18160,-0.0225951064
18180,-0.0205073341
18200,-0.0468974804
18220,-0.0360623551
18240,-0.0727701765
18260,-0.0392822434
18280,-0.0301352319
18300,-0.0421426429
18320,-0.0226017694
18340,-0.0257762636
18360,-0.0237855945
18380,-0.0171461817
18400,-0.0105018761
18420,-0.0566366267
18440,-0.0730460415
18460,-0.0613001409
18480,-0.0367782286
18500,-0.0428942889
18520,-0.0245096323
18540,-0.0150531454
18560,-0.0314418325
18580,-0.0204345211
18600,-0.0338738324
18620,-0.0378291913
18640,-0.0484354393
18660,-0.0674979994
18680,-0.0733178448
18700,-0.0483922780
18720,-0.0527559371
18740,-0.0538033606
18760,-0.0422870139
18780,-0.0372930607
18800,-0.0427886435
18820,-0.0545614037
18840,-0.0410802914
18860,-0.0418414615
18880,-0.0322270392
18900,-0.0547343341
18920,-0.0515917518
18940,-0.0626717964
18960,-0.0355230734
18980,-0.0502997292
19000,-0.0337940869
19020,-0.0632135716
19040,-0.0376350185
19060,-0.0367939272
19080,-0.0686731208
19100,-0.0510311558
19120,-0.0366510441
19140,-0.0431749057
19160,-0.0401258706
19180,-0.0345193439
19200,-0.0393765863
19220,-0.0367137003
19240,-0.0245904377
19260,-0.0311997392
19280,-0.0526076233
19300,-0.0373268154
19320,-0.0778421416
19340,-0.0569200071
19360,-0.0466362201
19380,-0.0339852770
19400,-0.0523564590
19420,-0.0657686639
19440,-0.0654538131
19460,-0.0734899468
19480,-0.0469665567
19500,-0.0388543149
19520,-0.0160179823
19540,-0.0200014888
19560,-0.0314159372
19580,-0.0287524483
19600,-0.0331541169
19620,-0.0574194147
19640,-0.0648351872
19660,-0.0548899075
19680,-0.0340336022
19700,-0.0169304630
19720,-0.0348134714
19740,-0.0192913445
19760,-0.0280500008
19780,-0.0225495839
19800,-0.0466549902
19820,-0.0613445488
19840,-0.0658507162
19860,-0.0314589422
19880,-0.0285607984
19900,-0.0599732145
19920,-0.0300131412
19940,-0.0476297316
19960,-0.0563503234
19980,-0.0473912986
20000,-0.0394787452
20020,-0.0388426425
20040,-0.0485913079
20060,-0.0559674817
20080,-0.0493399774
20100,-0.0265570352
20120,-0.0519919915
20140,-0.0956566928
20160,-0.1191485648
20180,-0.0934934699
20200,-0.0909188017
20220,-0.0657477934
20240,-0.0532207251
20260,-0.0657130342
20280,-0.0466879896
20300,-0.0170381259
20320,-0.0436455938
20340,-0.0454808000
20360,-0.0603455482
20380,-0.0363060365
20400,-0.0860031535
20420,-0.0545635251
20440,-0.0383481830
20460,-0.0443101773
20480,-0.0477247930
20500,-0.0419502927
20520,-0.0235190165
20540,-0.0327900429
20560,-0.0455154706
20580,-0.0483121362
20600,-0.0296008826
20620,-0.0284450657
20640,-0.0602619088
20660,-0.0273540031
20680,-0.0240014084
20700,-0.0781354643
20720,-0.0663432944
20740,-0.0183125117
20760,-0.0286330589
20780,-0.0211677132
20800,-0.0366795549
20820,-0.0131870206
20840,-0.0610361725
20860,-0.0231304650
20880,-0.0180832039
20900,-0.0312803050
20920,-0.0362034789
20940,-0.0625460422
20960,-0.0348251112
20980,-0.0226746600
21000,-0.0462326093
21020,-0.0783312159
21040,-0.0783703815
21060,-0.0866177544
21080,-0.0868205455
21100,-0.0530170850
21120,-0.0371261033
21140,-0.0237556573
21160,-0.0400660355
21180,-0.0300062193
21200,-0.0325856255
21220,-0.0748926547
21240,-0.0517151125
21260,-0.0386159833
21280,-0.0684481077
21300,-0.0468611650
21320,-0.1171689823
21340,-0.0815115498
21360,-0.0296707300
21380,-0.0454394214
21400,-0.0258766386
21420,-0.0388689109
21440,-0.0514010561
21460,-0.0460814722
21480,-0.0397666381
21500,-0.0540018509
21520,-0.0654075321
21540,-0.0334767745
21560,-0.0403695866
21580,-0.0297947031
21600,-0.0229984983
21620,-0.0374769368
21640,-0.0375391274
21660,-0.0192140918
21680,-0.0165048635
21700,-0.0330118520
21720,-0.0388208668
21740,-0.0485672290
21760,-0.0258485453
21780,-0.0290115445
21800,-0.0374004662
21820,-0.0256815928
21840,-0.0261347017
21860,-0.0407519271
21880,-0.0484775574
21900,-0.0495864143
21920,-0.0461115273
21940,-0.0498034061
21960,-0.0329221822
21980,-0.0373711226
22000,-0.0327561301
22020,-0.0545214130
22040,-0.0415906675
22060,-0.0679338530
22080,-0.0457395351
22100,-0.0262913727
22120,-0.0377029771
22140,-0.0436176541
22160,-0.0387111888
22180,-0.0455790821
22200,-0.0310436516
22220,-0.0426314926
22240,-0.0464945120
22260,-0.0301875540
22280,-0.0339235221
22300,-0.0443645387
22320,-0.0365879625
22340,-0.0501794877
22360,-0.0253316669
22380,-0.0530462084
22400,-0.0311731989
22420,-0.0417158006
22440,-0.0417755996
22460,-0.0431119953
22480,-0.0542815575
22500,-0.0359920152
22520,-0.0319120312
22540,-0.0175519901
22560,-0.0274721622
22580,-0.0514460879
22600,-0.0164793015
22620,-0.0318670878
22640,-0.0293572795
22660,-0.0407691686
22680,-0.0241783132
22700,-0.0138477453
22720,-0.0136608790
22740,-0.0293606682
22760,-0.0373608239
22780,-0.0362043804
22800,-0.0495232095
22820,-0.0682830340
22840,-0.0286665624
22860,-0.0274214080
22880,-0.0385003709
22900,-0.0393713832
22920,-0.0390050500
22940,-0.0420713224
22960,-0.0772655356
22980,-0.0689104055
23000,-0.0792644714
23020,-0.0410690612
23040,-0.0308996190
23060,-0.0312308940
23080,-0.0322233832
23100,-0.0189565571
23120,-0.0332857335
23140,-0.0206917780
23160,-0.0356267955
23180,-0.0485931634
23200,-0.0585987873
23220,-0.0431584735
23240,-0.0079336375
23260,-0.0275866793
23280,-0.0163512145
23300,-0.0355961017
23320,-0.0250622558
23340,-0.0602343343
23360,-0.0371891224
23380,-0.0473152483
23400,-0.0413103821
23420,-0.0628091622
23440,-0.0415708607
23460,-0.0358438589
23480,-0.0491885566
23500,-0.0354407406
23520,-0.0261652174
23540,-0.0504299228
23560,-0.0374381774
23580,-0.0198873197
23600,-0.0133444611
23620,-0.0296775545
23640,-0.0276447294
23660,-0.0141646533
23680,-0.0301528618
23700,-0.0569260369
23720,-0.0265479428
23740,-0.0199303796
23760,-0.0296433212
23780,-0.0387746429
23800,-0.0245293453
23820,-0.0456331576
23840,-0.0385498979
23860,-0.0332711039
23880,-0.0232409462
23900,-0.0364973449
23920,-0.0396973746
23940,-0.0256061894
23960,-0.0229235390
23980,-0.0438877426
24000,-0.0397509411
24020,-0.0280688696
24040,-0.0249745455
24060,-0.0328341269
24080,-0.0285318296
24100,-0.0720950997
24120,-0.0325456103
24140,-0.0508312860
24160,-0.0464667534
24180,-0.0577615429
24200,-0.0604816054
24220,-0.0772097582
24240,-0.0248673314
24260,-0.0113807912
24280,-0.0191732872
24300,-0.0287943429
24320,-0.0526905366
24340,-0.0386999077
24360,-0.0517078168
24380,-0.0681654107
24400,-0.0681649259
24420,-0.0468688272
24440,-0.0488736183
24460,-0.0624270288
24480,-0.0567226898
24500,-0.0690458262
24520,-0.0626162021
24540,-0.0496839093
24560,-0.0446705609
24580,-0.0626334722
24600,-0.0462351677
24620,-0.0753998824
24640,-0.0708424527
24660,-0.0364037395
24680,-0.0458973552
24700,-0.0404595984
24720,-0.0435492326
24740,-0.0331496829
24760,-0.0563603967
24780,-0.0750592934
24800,-0.0490132487
24820,-0.0371954215
24840,-0.0235872287
24860,-0.0274820017
24880,-0.0532068677
24900,-0.0376553429
24920,-0.0328223398
24940,-0.0250942583
24960,-0.0228837329
24980,-0.0409833817
25000,-0.0427772606
25020,-0.0545743822
25040,-0.0587779127
25060,-0.0386573650
25080,-0.0377246636
25100,-0.0610300184
25120,-0.0277020303
25140,-0.0265179883
25160,-0.0091606447
25180,-0.0550027755
25200,-0.0235264368
25220,-0.0349353183
25240,-0.0494923199
25260,-0.0404454760
25280,-0.0222630962
25300,-0.0627257278
25320,-0.0308721182
25340,-0.0211414814
25360,-0.0224848991
25380,-0.0055257699
25400,-0.0767217857
25420,-0.0516233049
25440,-0.0257232862
25460,-0.0461181360
25480,-0.0263142163
25500,-0.0204517426
25520,-0.0283243115
25540,-0.0287899414
25560,-0.0175795906
25580,-0.0280819143
25600,-0.0192104901
25620,-0.0223974537
25640,-0.0586539928
25660,-0.0616164745
25680,-0.0330104756
25700,-0.0312652313
25720,-0.0503610293
25740,-0.0589266899
25760,-0.0374338854
25780,-0.0438639835
25800,-0.0223065137
25820,-0.0191335760
25840,-0.0673256609
25860,-0.0636009239
25880,-0.0516481147
25900,-0.0187861125
25920,-0.0194734886
25940,-0.0166929723
25960,-0.0299673849
25980,-0.0374643125
26000,-0.0310223214
26020,-0.0186972983
26040,-0.0244465276
26060,-0.0146557590
26080,-0.0356923912
26100,-0.0446802283
26120,-0.0565848267
26140,-0.0453682567
26160,-0.0428190415
26180,-0.0351223759
26200,-0.0294798123
26220,-0.0174327296
26240,-0.0466512264
26260,-0.0262357491
26280,-0.0359428990
26300,-0.0345097012
26320,-0.0273506901
26340,-0.0471535431
26360,-0.0302141876
26380,-0.0355097506
26400,-0.0092346430
26420,-0.0186703776
26440,-0.0298083956
26460,-0.0278118725
26480,-0.0217182175
26500,-0.0490345709
26520,-0.0116900824
26540,-0.0228504764
26560,-0.0116353139
26580,-0.0183788227
26600,-0.0332189488
26620,-0.0250658663
26640,-0.0401060416
26660,-0.0123352069
26680,-0.0196116309
26700,-0.0165915760
26720,-0.0296241487
26740,-0.0272220351
26760,-0.0305675000
26780,-0.0148653452
26800,-0.0565050565
26820,-0.0505487118
26840,-0.0356948041
26860,-0.0387059147
26880,-0.0252888713
26900,-0.0366988429
26920,-0.0245004162
26940,-0.0439846012
26960,-0.0503089143
26980,-0.0407129448
27000,-0.0209397385
27020,-0.0477534599
27040,-0.0239016890
27060,-0.0250046043
27080,-0.0585470241
27100,-0.0751639445
27120,-0.0512897425
27140,-0.1168148986
27160,-0.0550693605
27180,-0.0333066571
27200,-0.0276604046
27220,-0.0328562306
27240,-0.0283707914
27260,-0.0223165867
27280,-0.0319035062
27300,-0.0326567952
27320,-0.0170289971
27340,-0.0300460011
27360,-0.0661389147
27380,-0.0355793042
27400,-0.0226073182
27420,-0.0180863095
27440,-0.0332043194
27460,-0.0176048498
27480,-0.0232863961
27500,-0.0179826912
27520,-0.0115154423
27540,-0.0322320011
27560,-0.0640252920
27580,-0.0364406556
27600,-0.0621455603
27620,-0.0644877526
27640,-0.0398693562
27660,-0.0462508942
27680,-0.0267146112
27700,-0.0507957335
27720,-0.0165494315
27740,-0.0235602486
27760,-0.0403709433
27780,-0.0588899644
27800,-0.0575521250
27820,-0.0248649889
27840,-0.0209753722
27860,-0.0267587647
27880,-0.0260175565
27900,-0.0222747578
27920,-0.0387727433
27940,-0.0475414830
27960,-0.0477627375
27980,-0.0506221868
28000,-0.0353596769
28020,-0.0317189706
28040,-0.0250130292
28060,-0.0097313291
28080,-0.0423030460
28100,-0.0342298568
28120,-0.0361145190
28140,-0.0294765296
28160,-0.0213428081
28180,-0.0329155474
28200,-0.0175742358
28220,-0.0382950127
28240,-0.0361130722
28260,-0.0352350555
28280,-0.0218720779
28300,-0.0583994395
28320,-0.0324643600
28340,-0.0261533951
28360,-0.0502336069
28380,-0.0353811968
28400,-0.0277229096
28420,-0.0374769045
28440,-0.0365366709
28460,-0.0392331692
28480,-0.0544427772
28500,-0.0831168299
28520,-0.0773489624
28540,-0.0539571485
28560,-0.0530893999
28580,-0.0459079065
28600,-0.0234643283
28620,-0.0291250002
28640,-0.0450360213
28660,-0.0627394593
28680,-0.0545241269
28700,-0.0703300940
28720,-0.0336645226
28740,-0.0302004190
28760,-0.0742329376
28780,-0.0259067149
28800,-0.0464175476
28820,-0.0339803196
28840,-0.0027616884
28860,-0.0222787136
28880,-0.0288016829
28900,-0.0266007506
28920,-0.0315559680
28940,-0.0284801275
28960,-0.0427057922
28980,-0.0371425284
29000,-0.0225395430
29020,-0.0129430565
29040,-0.0288255115
29060,-0.0137027616
29080,-0.0416571433
29100,-0.0284937199
29120,-0.0388619572
29140,-0.0274762870
29160,-0.0227587112
29180,-0.0166674878
29200,-0.0193686499
29220,-0.0340678466
29240,-0.0370198759
29260,-0.0328495084
29280,-0.0352860888
29300,-0.0470644029
29320,-0.0299748545
29340,-0.0339856355
29360,-0.0516817847
29380,-0.0680232551
29400,-0.0674611142
29420,-0.0830906629
29440,-0.0840990027
29460,-0.0698153046
29480,-0.0396166652
29500,-0.0318512596
29520,-0.0474463055
29540,-0.0356492100
29560,-0.0431477639
29580,-0.0438841595
29600,-0.0703142966
29620,-0.0412054427
29640,-0.0272035122
29660,-0.0387513192
29680,-0.0262132830
29700,-0.0448728545
29720,-0.0384216705
29740,-0.0154325452
29760,-0.0281151752
29780,-0.0298797199
29800,-0.0117655749
29820,-0.0339286264
29840,-0.0210834841
29860,-0.0433198329
29880,-0.0292312231
29900,-0.0306889698
29920,-0.0465165720
29940,-0.0173729579
29960,-0.0144398304
29980,-0.0302564506
30000,-0.0201843905
30020,-0.0343364431
30040,-0.0322772495
30060,-0.0192181524
30080,-0.0206429896
30100,-0.0391067107
30120,-0.0515615738
30140,-0.0359826079
30160,-0.0602310171
30180,-0.0190603415
30200,-0.0287466681
30220,-0.0495231785
30240,-0.0658895740
30260,-0.0470338847
30280,-0.0401750770
30300,-0.0207238090
30320,-0.0340509725
30340,-0.0442204659
30360,-0.0491924057
30380,-0.0360707369
30400,-0.0439123916
30420,-0.0290290478
30440,-0.0281376511
30460,-0.0371650364
30480,-0.0457560708
30500,-0.0514649289
30520,-0.0315835323
30540,-0.0733330974
30560,-0.0548016426
30580,-0.0621013943
30600,-0.0217918946
30620,-0.0404794556
30640,-0.0370566132
30660,-0.0293937090
30680,-0.0244766657
30700,-0.0586155567
30720,-0.0443235451
30740,-0.0288205515
30760,-0.0357614917
30780,-0.0188069709
30800,-0.0255587538
30820,-0.0236938072
30840,-0.0415839657
30860,-0.0236557469
30880,-0.0205274592
30900,-0.0180098401
30920,-0.0527985624
30940,-0.0626758206
30960,-0.0383387953
30980,-0.0326306063
31000,-0.0411791232
31020,-0.0616461704
31040,-0.0300388056
31060,-0.0453273561
31080,-0.0410669455
31100,-0.0561936554
31120,-0.0697639937
31140,-0.0234004797
31160,-0.0711836731
31180,-0.0562018411
31200,-0.0297382212
31220,-0.0169409803
31240,-0.0196023360
31260,-0.0561338890
31280,-0.0284192738
31300,-0.0496477383
31320,-0.0432566402
31340,-0.0260874024
31360,-0.0246208495
31380,-0.0438446227
31400,-0.0808596889
31420,-0.0989262547
31440,-0.0960255393
31460,-0.0819712108
31480,-0.0602271086
31500,-0.0575602116
31520,-0.0128757907
31540,-0.0365310812
31560,-0.0262041057
31580,-0.0146824223
31600,-0.0216025011
31620,-0.0425345288
31640,-0.0070457126
31660,-0.0300884415
31680,-0.0383343366
31700,-0.0288228124
31720,-0.0281742751
31740,-0.0173301079
31760,-0.0229518861
31780,-0.0330187894
31800,-0.0316845687
31820,-0.0196841897
31840,-0.0229045180
31860,-0.0477818911
31880,-0.0284458901
31900,-0.0323353050
31920,-0.0329389227
31940,-0.0439779089
31960,-0.0359301012
31980,-0.0474642902
32000,-0.0224454302
32020,-0.0468700870
32040,-0.0428102922
32060,-0.0242454065
32080,-0.0285243385
32100,-0.0450635984
32120,-0.0286067443
32140,-0.0255824633
32160,-0.0620960907
32180,-0.0738407712
32200,-0.0539840466
32220,-0.0569539737
32240,-0.0597830552
32260,-0.0662594588
32280,-0.0408561732
32300,-0.0391455541
32320,-0.0551734325
32340,-0.0370606984
32360,-0.0583408062
32380,-0.0475249764
32400,-0.0266183882
32420,-0.0256220150
32440,-0.0302009570
32460,-0.0286319054
32480,-0.0370701489
32500,-0.0511862302
32520,-0.0486480149
32540,-0.0434307092
32560,-0.0779910436
32580,-0.0549097473
32600,-0.0379825862
32620,-0.0342532528
32640,-0.0207070139
32660,-0.0261479310
32680,-0.0285968574
32700,-0.0411856343
32720,-0.0294255445
32740,-0.0395299000
32760,-0.0258930995
32780,-0.0251552955
32800,-0.0251930150
32820,-0.0399884897
32840,-0.0514303670
32860,-0.0598460179
32880,-0.0612095056
32900,-0.0513368803
32920,-0.0491705741
32940,-0.0146576942
32960,-0.0258409398
32980,-0.0324048029
33000,-0.0382398002
33020,-0.0628266376
33040,-0.0369017539
33060,-0.0293706434
33080,-0.0289000735
33100,-0.0385648050
33120,-0.0278754533
33140,-0.0289461942
33160,-0.0212518974
33180,-0.0111293974
33200,-0.0217469800
33220,-0.0255391417
33240,-0.0523921537
33260,-0.0240319582
33280,-0.0231385966
33300,-0.0244696011
33320,-0.0271078792
33340,-0.0406717452
33360,-0.0303621472
33380,-0.0504663133
33400,-0.0305806165
33420,-0.0298395683
33440,-0.0521712453
33460,-0.0373523151
33480,-0.0353357786
33500,-0.0362639577
33520,-0.0314174226
33540,-0.0517113615
33560,-0.0227025188
33580,-0.0328406949
33600,-0.0423733710
33620,-0.0182603868
33640,-0.0309144399
33660,-0.0177024907
33680,-0.0355942424
33700,-0.0353347539
33720,-0.0364783682
33740,-0.0163890215
33760,-0.0367440835
33780,-0.0614319523
33800,-0.0340834441
33820,-0.0303797674
33840,-0.0147295564
33860,-0.0435241232
33880,-0.0391722671
33900,-0.0392559820
33920,-0.0544471378
33940,-0.0406576211
33960,-0.0224736432
33980,-0.0297965949
34000,-0.0300866965
34020,-0.0562717088
34040,-0.0083582396
34060,-0.0605403639
34080,-0.0453604393
34100,-0.0284709908
34120,-0.0382673670
34140,-0.0443417113
34160,-0.0337096648
34180,-0.0383125081
34200,-0.0417495940
34220,-0.0624065462
34240,-0.0328417940
34260,-0.0337415302
34280,-0.0257848565
34300,-0.0404766010
34320,-0.0586886783
34340,-0.0705512479
34360,-0.0448554417
34380,-0.0507660504
34400,-0.0464277409
34420,-0.0320789623
34440,-0.0168050811
34460,-0.0214446184
34480,-0.0442322878
34500,-0.0257576592
34520,-0.0359967618
34540,-0.0418604079
34560,-0.0586005723
34580,-0.0368545526
34600,-0.0352332040
34620,-0.0488975633
34640,-0.0455830850
34660,-0.0246455219
34680,-0.0357071666
34700,-0.0336809792
34720,-0.0206179300
34740,-0.0381577691
34760,-0.0330910072
34780,-0.0273140073
34800,-0.0327860726
34820,-0.0414008866
34840,-0.0322372344
34860,-0.0304998888
34880,-0.0322389216
34900,-0.0166288104
34920,-0.0307138468
34940,-0.0360849719
34960,-0.0441248563
34980,-0.0344462332
35000,-0.0260897446
35020,-0.0383740360
35040,-0.0355831876
35060,-0.0597182747
35080,-0.0533305073
35100,-0.0355706860
35120,-0.0444454937
35140,-0.0339593119
35160,-0.0425546115
35180,-0.0334564506
35200,-0.0278905951
35220,-0.0346684877
35240,-0.0318077905
35260,-0.0322377285
35280,-0.0580123792
35300,-0.0424747221
35320,-0.0538505731
35340,-0.0433124963
35360,-0.0547262704
35380,-0.0475845175
35400,-0.0188867188
35420,-0.0123608283
35440,-0.0588382751
35460,-0.0456426522
35480,-0.0411941182
35500,-0.0365125613
35520,-0.0266422249
35540,-0.0205488233
35560,-0.0520052182
35580,-0.0676069756
35600,-0.0606025164
35620,-0.0582704825
35640,-0.0390919151
35660,-0.0535204058
35680,-0.0337998793
35700,-0.0243508297
35720,-0.0311319136
35740,-0.0273790429
35760,-0.0155459181
35780,-0.0580503629
35800,-0.0441715433
35820,-0.0877864089
35840,-0.0696022710
35860,-0.0635846689
35880,-0.0326135537
35900,-0.0399245389
35920,-0.0250977536
35940,-0.0512252169
35960,-0.0591477350
35980,-0.0421407221
36000,-0.0488983534
36020,-0.0617533779
36040,-0.0301257797
36060,-0.0363200024
36080,-0.0233230494
36100,-0.0315827786
36120,-0.0516013617
36140,-0.0428448955
36160,-0.0569581372
36180,-0.0748394359
36200,-0.0389834478
36220,-0.0289759228
36240,-0.0687209305
36260,-0.0526709197
36280,-0.0592090114
36300,-0.0415596399
36320,-0.0327233942
36340,-0.0428301013
36360,-0.0674057244
36380,-0.0431304970
36400,-0.0392464470
36420,-0.0175820360
36440,-0.0572100659
36460,-0.0979729365
36480,-0.0586139913
36500,-0.0790078041
36520,-0.0557164389
36540,-0.0732647721
36560,-0.1073323369
36580,-0.0817304949
36600,-0.0316606642
36620,-0.0458880333
36640,-0.0459127003
36660,-0.0249755144
36680,-0.0454527481
36700,-0.0299433125
36720,-0.0285237452
36740,-0.0314978659
36760,-0.0448229953
36780,-0.0265025699
36800,-0.0253112922
36820,-0.0588173302
36840,-0.0329781782
36860,-0.0369205866
36880,-0.0469725858
36900,-0.0410263603
36920,-0.0386428928
36940,-0.0206662860
36960,-0.0529317399
36980,-0.0225318973
37000,-0.0303126966
37020,-0.0357945814
37040,-0.0211793707
37060,-0.0247735382
37080,-0.0445015985
37100,-0.0250844567
37120,-0.0239928956
37140,-0.0542677515
37160,-0.0278948673
37180,-0.0164619476
37200,-0.0419803106
37220,-0.0324247846
37240,-0.0420594784
37260,-0.0460516700
37280,-0.0241044538
37300,-0.0373060919
37320,-0.0380166639
37340,-0.0377077461
37360,-0.0545901618
37380,-0.0575232314
37400,-0.0322983483
37420,-0.0542793670
37440,-0.0182994975
37460,-0.0311744282
37480,-0.0440831533
37500,-0.0344904763
37520,-0.0262987289
37540,-0.0426424642
37560,-0.0666165322
37580,-0.0667537661
37600,-0.0250564431
37620,-0.0265818370
37640,-0.0299093360
37660,-0.0425129797
37680,-0.0519268623
37700,-0.0390991928
37720,-0.0500533515
37740,-0.0387104641
37760,-0.0473422692
37780,-0.0744064567
37800,-0.0528290817
37820,-0.0555154398
37840,-0.0422815181
37860,-0.0609904607
37880,-0.0301484952
37900,-0.0253163213
37920,-0.0166860010
37940,-0.0477587453
37960,-0.0469770173
37980,-0.0599932225
38000,-0.0633220967
38020,-0.0629773900
38040,-0.0297537881
38060,-0.0581268136
38080,-0.0480860909
38100,-0.0517595092
38120,-0.0405163401
38140,-0.0309575285
38160,-0.0246191664
38180,-0.0362354656
38200,-0.0623665982
38220,-0.0476439159
38240,-0.0323423722
38260,-0.0399860121
38280,-0.0175001295
38300,-0.0394502777
38320,-0.0320828368
38340,-0.0598540281
38360,-0.0599681083
38380,-0.0459409866
38400,-0.0534325443
38420,-0.0449391442
38440,-0.0352874536
38460,-0.0467167975
38480,-0.0508899205
38500,-0.0365218099
38520,-0.0260090216
38540,-0.0227975582
38560,-0.0320465583
38580,-0.0463317204
38600,-0.0277393456
38620,-0.0308311456
38640,-0.0956563901
38660,-0.0526476107
38680,-0.0273506174
38700,-0.0470804038
38720,-0.0894862338
38740,-0.0792096797
38760,-0.0786861291
38780,-0.0620323617
38800,-0.0581208318
38820,-0.0424133783
38840,-0.0299252176
38860,-0.0340727518
38880,-0.0178152252
38900,-0.0260295750
38920,-0.0253476320
38940,-0.0202366117
38960,-0.0329484344
38980,-0.0357211608
39000,-0.0488335559
39020,-0.0595731014
39040,-0.0588639767
39060,-0.0534433108
39080,-0.0401468886
39100,-0.0479895217
39120,-0.0587049232
39140,-0.0442885053
39160,-0.0598916214
39180,-0.0600373898
39200,-0.0254654884
39220,-0.0264532133
39240,-0.0276315647
39260,-0.0530207174
39280,-0.0287602570
39300,-0.0346541427
39320,-0.0263882626
39340,-0.0409653748
39360,-0.0295278642
39380,-0.0429156629
39400,-0.0300011646
39420,-0.0591276772
39440,-0.0286892849
39460,-0.0206078187
39480,-0.0319534831
39500,-0.0207310622
39520,-0.0244869616
39540,-0.0272850743
39560,-0.0525474963
39580,-0.0488536069
39600,-0.0500236849
39620,-0.0217900086
39640,-0.0417516713
39660,-0.0474059590
39680,-0.0350881587
39700,-0.0521730105
39720,-0.0201715167
39740,-0.0304402281
39760,-0.0454896050
39780,-0.0582201627
39800,-0.0405633521
39820,-0.0361202432
39840,-0.0527078838
39860,-0.0600248379
39880,-0.0471816966
39900,-0.0381328314
39920,-0.0374245538
39940,-0.0315617958
39960,-0.0475382717
39980,-0.0233851209
40000,-0.0373942415
40020,-0.0373190375
40040,-0.0293412988
40060,-0.0456928445
40080,-0.0367691516
40100,-0.0197621878
40120,-0.0366550230
40140,-0.0482524147
40160,-0.0250402889
40180,-0.0346522809
40200,-0.0516263547
40220,-0.0238660891
40240,-0.0507187781
40260,-0.0402184035
40280,-0.0440759972
40300,-0.0272942299
40320,-0.0350206313
40340,-0.0388329850
40360,-0.0377474673
40380,-0.0591589132
40400,-0.0558622089
40420,-0.0558281608
40440,-0.0877953826
40460,-0.0525405442
40480,-0.0499108591
40500,-0.1002907690
40520,-0.1102494337
40540,-0.0958238014
40560,-0.0527927621
40580,-0.0414819654
40600,-0.0481280540
40620,-0.0654481327
40640,-0.0954911247
40660,-0.0945275390
40680,-0.1124106554
40700,-0.1056719957
40720,-0.1211357954
40740,-0.1357216457
40760,-0.0667652678
40780,-0.0266336761
40800,-0.0345205945
40820,-0.0493647253
40840,-0.0497350878
40860,-0.0417749040
40880,-0.0552499143
40900,-0.0547532631
40920,-0.0425527618
40940,-0.0458756027
40960,-0.0326901843
40980,-0.0490070622
41000,-0.0315988474
41020,-0.0418380605
41040,-0.0424081485
41060,-0.0361050068
41080,-0.0347283508
41100,-0.0411661852
41120,-0.0306584726
41140,-0.0437468607
41160,-0.0848833962
41180,-0.0764208320
41200,-0.0278959645
41220,-0.0383488781
41240,-0.0549646820
41260,-0.0284553358
41280,-0.0144946920
41300,-0.0197530280
41320,-0.0290638543
41340,-0.0439096406
41360,-0.0526951299
41380,-0.0445003064
41400,-0.0434160261
41420,-0.0361919670
41440,-0.0389261850
41460,-0.0583876088
41480,-0.0324203138
41500,-0.0266518664
41520,-0.0321610455
41540,-0.0323790934
41560,-0.0379101481
41580,-0.0362772251
41600,-0.0574052129
41620,-0.0336123319
41640,-0.0555066559
41660,-0.0569325324
41680,-0.0749927677
41700,-0.0344461614
41720,-0.0423266070
41740,-0.0619967055
41760,-0.0363199446
41780,-0.0385059622
41800,-0.0182911748
41820,-0.0296554885
41840,-0.0562020640
41860,-0.0238976667
41880,-0.0254099148
41900,-0.0215535481
41920,-0.0342699671
41940,-0.0454209462
41960,-0.0255905717
41980,-0.0421517700
42000,-0.0686789041
42020,-0.0652610491
42040,-0.0579160029
42060,-0.0739001851
42080,-0.0583268697
42100,-0.0771995592
42120,-0.0942408039
42140,-0.0915010327
42160,-0.1192098195
42180,-0.0762473218
42200,-0.0666946091
42220,-0.0605502716
42240,-0.0695771122
42260,-0.0364228824
42280,-0.0481203455
42300,-0.0414112784
42320,-0.0703954950
42340,-0.0521296086
42360,-0.0621423581
42380,-0.0352088471
42400,-0.0501560073
42420,-0.0421823627
42440,-0.0463120750
42460,-0.0478305676
42480,-0.0387805189
42500,-0.0680538685
42520,-0.0589068880
42540,-0.0537455047
42560,-0.0321506865
42580,-0.0465751784
42600,-0.0396052871
42620,-0.0187825749
42640,-0.0327716700
42660,-0.0490255747
42680,-0.0524189250
42700,-0.0481510961
42720,-0.0668512230
42740,-0.0470205039
42760,-0.0460543233
42780,-0.0283360271
42800,-0.0179973718
42820,-0.0226069517
42840,-0.0647972552
42860,-0.0392990305
42880,-0.0191756078
42900,-0.0466622478
42920,-0.0395321233
42940,-0.0334302838
42960,-0.0137000506
42980,-0.0169323229
43000,-0.0153654111
43020,-0.0131155181
43040,-0.0180608561
43060,-0.0229919286
43080,-0.0225274786
43100,-0.0212919925
43120,-0.0406980492
43140,-0.0652044149
43160,-0.0270202282
43180,-0.0393076059
43200,-0.0224991406
43220,-0.0266577110
43240,-0.0505568573
43260,-0.0338664338
43280,-0.0363673713
43300,-0.0120453533
43320,-0.0328269825
43340,-0.0416195432
43360,-0.0326847245
43380,-0.0176889082
43400,-0.0568374669
43420,-0.0687393615
43440,-0.0659437418
43460,-0.0855560458
43480,-0.1001864551
43500,-0.0930999881
43520,-0.1099909552
43540,-0.0630929718
43560,-0.0451018066
43580,-0.0328438154
43600,-0.0444715181
43620,-0.0458517453
43640,-0.0515927161
43660,-0.0475407022
43680,-0.0322166185
43700,-0.0657575443
43720,-0.0660401443
43740,-0.0534603302
43760,-0.0441343803
43780,-0.0449930599
43800,-0.0360428482
43820,-0.0313191728
43840,-0.0332759384
43860,-0.0241711346
43880,-0.0464805672
43900,-0.0465051271
43920,-0.0285939478
43940,-0.0310024841
43960,-0.0560820047
43980,-0.0265126579
44000,-0.0249617641
44020,-0.0187983213
44040,-0.0303902393
44060,-0.0406097544
44080,-0.0866405112
44100,-0.0828993916
44120,-0.0306137305
44140,-0.0602341091
44160,-0.0670463412
44180,-0.0741712718
44200,-0.0737246493
44220,-0.0943728350
44240,-0.0285431735
44260,-0.0244861570
44280,-0.0405068401
44300,-0.0368978717
44320,-0.0286563324
44340,-0.0173563717
44360,-0.0202306588
44380,-0.0516800321
44400,-0.0501606769
44420,-0.0304829036
44440,-0.0495283887
44460,-0.0307572098
44480,-0.0511547801
44500,-0.0386996526
44520,-0.0558703613
44540,-0.0515898695
44560,-0.0551203885
44580,-0.0496542862
44600,-0.0482098408
44620,-0.0470933392
44640,-0.0327125559
44660,-0.0199348554
44680,-0.0398435941
44700,-0.0327525464
44720,-0.0401342657
44740,-0.0256798452
44760,-0.0374376602
44780,-0.0472695560
44800,-0.0412828709
44820,-0.0760367739
44840,-0.0356741848
44860,-0.0322973419
44880,-0.0371756621
44900,-0.0550617678
44920,-0.0446262387
44940,-0.0383920763
44960,-0.0799262533
44980,-0.0746404524
45000,-0.0358060625
45020,-0.0734227431
45040,-0.0389838088
45060,-0.0424200767
45080,-0.0543751014
45100,-0.0710484118
45120,-0.0482960042
45140,-0.0361505328
45160,-0.0624686797
45180,-0.0381380277
45200,-0.0573659409
45220,-0.0856554743
45240,-0.1089692861
45260,-0.1164784715
45280,-0.1428112742
45300,-0.1140472789
45320,-0.1334513169
45340,-0.1387535415
45360,-0.1429320645
45380,-0.1170741425
45400,-0.0906249206
45420,-0.1198540696
45440,-0.0620279154
45460,-0.1195291376
45480,-0.0716787906
45500,-0.0965805513
45520,-0.0829670431
45540,-0.0750253199
45560,-0.0380361220
45580,-0.0654174856
45600,-0.0715306426
45620,-0.0611735621
45640,-0.0810589209
45660,-0.0257609745
45680,-0.0361505282
45700,-0.0373043377
45720,-0.0262443352
45740,-0.0221402973
45760,-0.0758401911
45780,-0.0518735446
45800,-0.0901289466
45820,-0.0546629615
45840,-0.0394764939
45860,-0.0371501431
45880,-0.0618737486
45900,-0.1368194629
45920,-0.1405085900
45940,-0.1241092499
45960,-0.1109947877
45980,-0.1016055333
46000,-0.0728548571
46020,-0.0781335298
46040,-0.0347279280
46060,-0.0719258285
46080,-0.0778551842
46100,-0.0336888979
46120,-0.0448393647
46140,-0.0784278828
46160,-0.1041014278
46180,-0.1405138785
46200,-0.0849319031
46220,-0.1100177819
46240,-0.1016018821
46260,-0.1065731476
46280,-0.0626819413
46300,-0.0710377868
46320,-0.0592788525
46340,-0.0378533367
46360,-0.0280719816
46380,-0.0507778438
46400,-0.0261707140
46420,-0.0290381366
46440,-0.0259956834
46460,-0.0440842708
46480,-0.0469398981
46500,-0.0397565007
46520,-0.0299934128
46540,-0.0365883975
46560,-0.0103980071
46580,-0.0268292551
46600,-0.0399382848
46620,-0.0345694432
46640,-0.0213199106
46660,-0.0307133510
46680,-0.0237363168
46700,-0.0295169419
46720,-0.0355797389
46740,-0.0130090821
46760,-0.0355105491
46780,-0.0363593564
46800,-0.0413730443
46820,-0.0429870785
46840,-0.0439309295
46860,-0.0361705518
46880,-0.0407318078
46900,-0.0248761508
46920,-0.0325765243
46940,-0.0394926718
46960,-0.0345387009
46980,-0.0288552234
47000,-0.0221907777
47020,-0.0328539908
47040,-0.0232817149
47060,-0.0200110556
47080,-0.0267850179
47100,-0.0280276632
47120,-0.0375443115
47140,-0.0301908550
47160,-0.0262403974
47180,-0.0233683381
47200,-0.0276265896
47220,-0.0371344443
47240,-0.0428661854
47260,-0.0268480012
47280,-0.0241157787
47300,-0.0339252482
47320,-0.0179927066
47340,-0.0253627798
47360,-0.0232223407
47380,-0.0349784605
47400,-0.0308295514
47420,-0.0228188675
47440,-0.0102282881
47460,-0.0299119061
47480,-0.0314003560
47500,-0.0269323062
47520,-0.0229871814
47540,-0.0310718284
47560,-0.0214363585
47580,-0.0232469498
47600,-0.0454183834
47620,-0.0165828046
47640,-0.0270246912
47660,-0.0399830924
47680,-0.0292575741
47700,-0.0274606573
47720,-0.0220999703
47740,-0.0409550201
47760,-0.0369549372
47780,-0.0570604936
47800,-0.0347808528
47820,-0.0167087441
47840,-0.0478532320
47860,-0.0315635739
47880,-0.0355497999
47900,-0.0453523562
47920,-0.0293865027
47940,-0.0498766090
47960,-0.0339783542
47980,-0.0838104674
48000,-0.0267861765
48020,-0.0117373212
48040,-0.0245292731
48060,-0.0269727146
48080,-0.0271376099
48100,-0.0563739715
48120,-0.0331822300
48140,-0.0386402054
48160,-0.0343989948
48180,-0.0438271960
48200,-0.0418908915
48220,-0.0200212286
48240,-0.0408204448
48260,-0.0368424624
48280,-0.0289590858
48300,-0.0464358872
48320,-0.0439170483
48340,-0.0321783561
48360,-0.0521606019
48380,-0.0717485109
48400,-0.1023758197
48420,-0.0586608510
48440,-0.0550494302
48460,-0.0459402578
48480,-0.0630208462
48500,-0.0605512475
48520,-0.0468026448
48540,-0.0646381375
48560,-0.0503942533
48580,-0.0443612742
48600,-0.0330733475
48620,-0.0378250973
48640,-0.0520823266
48660,-0.0304230533
48680,-0.0358073400
48700,-0.0562478163
48720,-0.0287010073
48740,-0.0354828644
48760,-0.0368654975
48780,-0.0336435474
48800,-0.0394061800
48820,-0.0345503148
48840,-0.0367425470
48860,-0.0362637975
48880,-0.0209050886
48900,-0.0287703501
48920,-0.0366839030
48940,-0.0339184709
48960,-0.0386540760
48980,-0.0485411454
49000,-0.0397928843
49020,-0.0435397578
49040,-0.0375037464
49060,-0.0513439916
49080,-0.0312216624
49100,-0.0659850491
49120,-0.0200159106
49140,-0.0199404928
49160,-0.0259295503
49180,-0.0497992124
49200,-0.0417101341
49220,-0.0340326542
49240,-0.0208038281
49260,-0.0413804488
49280,-0.0309907259
49300,-0.0576537508
49320,-0.0466160877
49340,-0.0311834006
49360,-0.0531914795
49380,-0.0455285297
49400,-0.0705241605
49420,-0.0679192909
49440,-0.0799254906
49460,-0.0947863431
49480,-0.0435843969
49500,-0.0625630324
49520,-0.0590917210
49540,-0.0361024099
49560,-0.0829816537
49580,-0.0617826211
49600,-0.0984633732
49620,-0.1574612266
49640,-0.0957687863
49660,-0.0887450443
49680,-0.0831286597
49700,-0.0313981757
49720,-0.0284257898
49740,-0.0373976430
49760,-0.0437249629
49780,-0.0256522330
49800,-0.0400650484
49820,-0.0432812040
49840,-0.0554099837
49860,-0.0511507269
49880,-0.0329588014
49900,-0.0263049435
49920,-0.0373359515
49940,-0.0392465928
49960,-0.0353225106
49980,-0.0336426480
50000,-0.0538048642
50020,-0.0360044270
50040,-0.0341419175
50060,-0.0402916541
50080,-0.0558589391
50100,-0.0589656214
50120,-0.0341056504
50140,-0.0516339190
50160,-0.0365396457
50180,-0.0549953121
50200,-0.0505693512
50220,-0.0576892646
50240,-0.0379064502
50260,-0.0473437729
50280,-0.0597344067
50300,-0.0288599983
50320,-0.0242300130
50340,-0.0243457316
50360,-0.0539519981
50380,-0.0395171227
50400,-0.0193909057
50420,-0.0276871065
50440,-0.0273531535
50460,-0.0569208029
50480,-0.0476256586
50500,-0.0626352742
50520,-0.0378397257
50540,-0.0184558015
50560,-0.0669854581
50580,-0.0435557333
50600,-0.0873797897
50620,-0.1117738063
50640,-0.0900544368
50660,-0.0636155868
50680,-0.0221465899
50700,-0.0263826439
50720,-0.0321997367
50740,-0.0441808586
50760,-0.0464034649
50780,-0.0360737884
50800,-0.0517000689
50820,-0.0246644589
50840,-0.0392794574
50860,-0.0062834924
50880,-0.0272799766
50900,-0.0363267622
50920,-0.0402356622
50940,-0.0276147806
50960,-0.0370233452
50980,-0.0544242655
51000,-0.0105269191
51020,-0.0502803556
51040,-0.0526177832
51060,-0.0570110315
51080,-0.0243624363
51100,-0.0350519276
51120,-0.0963299077
51140,-0.0335746481
51160,-0.0414523792
51180,-0.0259684356
51200,-0.0438870298
51220,-0.0156102688
51240,-0.0367871911
51260,-0.0517401893
51280,-0.0745423184
51300,-0.0972148432
51320,-0.0799178754
51340,-0.0809862643
51360,-0.0756007694
51380,-0.0181516889
51400,-0.0503772674
51420,-0.0373501072
51440,-0.0450928194
51460,-0.0323166307
51480,-0.0137444192
51500,-0.0336003821
51520,-0.0249363618
51540,-0.0264615677
51560,-0.0363031797
51580,-0.0405279434
51600,-0.0424157568
51620,-0.0303944838
51640,-0.0196870899
51660,-0.0264766108
51680,-0.0364087874
51700,-0.0225150599
51720,-0.0277305940
51740,-0.0246368431
51760,-0.0369488682
51780,-0.0428660563
51800,-0.0100946808
51820,-0.0184746613
51840,-0.0368572216
51860,-0.0239033820
51880,-0.0360829838
51900,-0.0357409909
51920,-0.0595008608
51940,-0.0282848044
51960,-0.0568366527
51980,-0.0076823952
52000,-0.0148763558
52020,-0.0609873026
52040,-0.0289369128
52060,-0.0312540219
52080,-0.0480628739
52100,-0.0402830960
52120,-0.0268295433
52140,-0.0295565281
52160,-0.0547267655
52180,-0.0400004583
52200,-0.0271792431
52220,-0.0269605446
52240,-0.0488306830
52260,-0.0388207441
52280,-0.0311966426
52300,-0.0362072279
52320,-0.0626316577
52340,-0.0592393765
52360,-0.0252525292
52380,-0.0239193172
52400,-0.0242502080
52420,-0.0180491462
52440,-0.0520783186
52460,-0.0413948657
52480,-0.0151943039
52500,-0.0359521981
52520,-0.0470620085
52540,-0.0262004564
52560,-0.0244776665
52580,-0.0331067492
52600,-0.0600408071
52620,-0.0743440486
52640,-0.0560416369
52660,-0.0679255332
52680,-0.0534388410
52700,-0.0404761393
52720,-0.0401283865
52740,-0.0699608713
52760,-0.0442261618
52780,-0.0345116233
52800,-0.0581371479
52820,-0.0338473758
52840,-0.0384754223
52860,-0.0468694656
52880,-0.0351631439
52900,-0.0535143674
52920,-0.0226150747
52940,-0.0376894899
52960,-0.0339409265
52980,-0.0349104404
53000,-0.0394576072
53020,-0.0547756770
53040,-0.0436988123
53060,-0.0721897544
53080,-0.0623267033
53100,-0.0644351317
53120,-0.0743484786
53140,-0.0590552675
53160,-0.0534670287
53180,-0.0416078355
53200,-0.0426880944
53220,-0.0458589762
53240,-0.0443576702
53260,-0.0435765269
53280,-0.0440112574
53300,-0.0610211103
53320,-0.0548510216
53340,-0.0509139719
53360,-0.0838804265
53380,-0.0628638519
53400,-0.0246183966
53420,-0.0246901071
53440,-0.0264309596
53460,-0.0183737743
53480,-0.0204753922
53500,-0.0329544201
53520,-0.0294699540
53540,-0.0297091011
53560,-0.0175964895
53580,-0.0098112201
53600,-0.0233766365
53620,-0.0311872404
53640,-0.0635707271
53660,-0.0403072461
53680,-0.0400871539
53700,-0.0270580899
53720,-0.0464394377
53740,-0.0314606308
53760,-0.0811356076
53780,-0.0554479369
53800,-0.0552859556
53820,-0.0307832776
53840,-0.0339515059
53860,-0.0279652881
53880,-0.0322163476
53900,-0.0345991116
53920,-0.0442433074
53940,-0.0171538874
53960,-0.0597409174
53980,-0.0555826268
54000,-0.0480980000
54020,-0.0955377903
54040,-0.0860973329
54060,-0.0801036725
54080,-0.0780871351
54100,-0.0792379501
54120,-0.0822857309
54140,-0.0934856129
54160,-0.0901694961
54180,-0.0863582741
54200,-0.0711240862
54220,-0.0809619273
54240,-0.0700204004
54260,-0.0565516910
54280,-0.0668110893
54300,-0.0417401055
54320,-0.0237128578
54340,-0.0367088325
54360,-0.0353631275
54380,-0.0389053404
54400,-0.0258099439
54420,-0.0346055649
54440,-0.0331444181
54460,-0.0361462767
54480,-0.0312287008
54500,-0.0606069005
54520,-0.0532273661
54540,-0.0498483391
54560,-0.0421804502
54580,-0.0272315259
54600,-0.0720052515
54620,-0.0269772310
54640,-0.0200324762
54660,-0.0402834905
54680,-0.0422195591
54700,-0.0341032541
54720,-0.0261759979
54740,-0.0601050234
54760,-0.0581393964
54780,-0.0311563218
54800,-0.0391352501
54820,-0.0411103717
54840,-0.0404966509
54860,-0.0710596963
54880,-0.0487033240
54900,-0.0422739719
54920,-0.0493656816
54940,-0.0497838623
54960,-0.0713083852
54980,-0.0546015054
55000,-0.0654588610
55020,-0.0527118297
55040,-0.0547126911
55060,-0.0372783722
55080,-0.0410584224
55100,-0.0435632616
55120,-0.0423512312
55140,-0.0442338680
55160,-0.0591091233
55180,-0.0257594117
55200,-0.0311033505
55220,-0.0712698446
55240,-0.0284579529
55260,-0.0244379347
55280,-0.0174669292
55300,-0.0525121305
55320,-0.0561553664
55340,-0.0492540596
55360,-0.0564970321
55380,-0.0494090943
55400,-0.0475998347
55420,-0.0488226836
55440,-0.0423378895
55460,-0.0466543346
55480,-0.0350932877
55500,-0.0390538057
55520,-0.0293021404
55540,-0.0434770733
55560,-0.0481258090
55580,-0.0374280643
55600,-0.0404978303
55620,-0.0489012427
55640,-0.0453021872
55660,-0.0486192312
55680,-0.0345053928
55700,-0.0268293392
55720,-0.0298901406
55740,-0.0307317488
55760,-0.0271313298
55780,-0.0454201750
55800,-0.0412472364
55820,-0.0216594098
55840,-0.0143146203
55860,-0.0382314244
55880,-0.0184442189
55900,-0.0411182704
55920,-0.0378215259
55940,-0.0496558629
55960,-0.0608891632
55980,-0.0225852298
56000,-0.0399536887
56020,-0.0372405467
56040,-0.0165094327
56060,-0.0355788272
56080,-0.0275285376
56100,-0.0361738519
56120,-0.0399734508
56140,-0.0323285793
56160,-0.0775466335
56180,-0.1465541585
56200,-0.1321777857
56220,-0.0917768913
56240,-0.0823335881
56260,-0.0563754745
56280,-0.0303149839
56300,-0.0453985131
56320,-0.0333402894
56340,-0.0371133824
56360,-0.0378038609
56380,-0.0097161731
56400,-0.0260987362
56420,-0.0469869647
56440,-0.0275164177
56460,-0.0358723995
56480,-0.0226173462
56500,-0.0157340542
56520,-0.0435694136
56540,-0.0283305355
56560,-0.0332263732
56580,-0.0227252389
56600,-0.0190503469
56620,-0.0239952402
56640,-0.0514310294
56660,-0.0298694054
56680,-0.0158945300
56700,-0.0420958017
56720,-0.0478951033
56740,-0.0439369892
56760,-0.0560830947
56780,-0.0486651868
56800,-0.0390811800
56820,-0.0373931068
56840,-0.0492115685
56860,-0.0626655691
56880,-0.0657408445
56900,-0.0390733608
56920,-0.0664394263
56940,-0.0407532257
56960,-0.0952624653
56980,-0.0603062002
57000,-0.0450631623
57020,-0.0764225204
57040,-0.0757702217
57060,-0.0935116191
57080,-0.0904377089
57100,-0.0863540000
57120,-0.0594137588
57140,-0.0576321538
57160,-0.0439149097
57180,-0.0791935227
57200,-0.0650857111
57220,-0.0533752681
57240,-0.0493148279
57260,-0.0332108606
57280,-0.0454530634
57300,-0.0302936239
57320,-0.0463464738
57340,-0.0696915891
57360,-0.0465077486
57380,-0.0704589276
57400,-0.0544986987
57420,-0.0498319165
57440,-0.0489024978
57460,-0.0241757462
57480,-0.0374225703
57500,-0.0368558269
57520,-0.0627681695
57540,-0.0194733884
57560,-0.0259855954
57580,-0.0298595857
57600,-0.0467218000
57620,-0.0321698668
57640,-0.0528868874
57660,-0.0513425997
57680,-0.0255084485
57700,-0.0560957004
57720,-0.0432531935
57740,-0.0283812289
57760,-0.0245416902
57780,-0.0364608722
57800,-0.0261272458
57820,-0.0415099395
57840,-0.0287076156
57860,-0.0471215236
57880,-0.0299092098
57900,-0.0266394065
57920,-0.0434103574
57940,-0.0611688005
57960,-0.0970691401
57980,-0.0378204217
58000,-0.0524611399
58020,-0.0649726348
58040,-0.0852455948
58060,-0.0745432428
58080,-0.0180759614
58100,-0.0264901355
58120,-0.0275362455
58140,-0.0216170827
58160,-0.0344647695
58180,-0.0214990787
58200,-0.0390927112
58220,-0.0163398968
58240,-0.0323431597
58260,-0.0392548237
58280,-0.0271315994
58300,-0.0215187804
58320,-0.0416432330
58340,-0.0461761453
58360,-0.0261039314
58380,-0.0694411984
58400,-0.0260838135
58420,-0.0393952148
58440,-0.0388251843
58460,-0.0574961428
58480,-0.0477775991
58500,-0.0647445806
58520,-0.1195528124
58540,-0.1292000435
58560,-0.1745812760
58580,-0.1972239283
58600,-0.1801278776
58620,-0.2519088681
58640,-0.1823729005
58660,-0.2110222658
58680,-0.1547309612
58700,-0.1864455365
58720,-0.1744715855
58740,-0.1212862417
58760,-0.1717617728
58780,-0.1230995175
58800,-0.1231779275
58820,-0.1082971131
58840,-0.1618913280
58860,-0.2093587091
58880,-0.0649122659
58900,-0.0490781924
58920,-0.0657883665
58940,-0.0625453101
58960,-0.0529739392
58980,-0.0360854966
59000,-0.0749951146
59020,-0.1032245434
59040,-0.0449668414
59060,-0.0541824819
59080,-0.0457385129
59100,-0.0766263475
59120,-0.0302881528
59140,-0.0666399615
59160,-0.0535451161
59180,-0.0336415163
59200,-0.0403820864
59220,-0.0868625368
59240,-0.0724108232
59260,-0.0710518119
59280,-0.0524635982
59300,-0.0481203408
59320,-0.0505391136
59340,-0.0578880119
59360,-0.0848247386
59380,-0.0267918092
59400,-0.0701610288
59420,-0.0634416461
59440,-0.0510666451
59460,-0.0498188154
59480,-0.0357355372
59500,-0.0675534266
59520,-0.0698546961
59540,-0.0599792512
59560,-0.1085226732
59580,-0.0870060572
59600,-0.0852486568
59620,-0.0511753269
59640,-0.0593164019
59660,-0.0567966431
59680,-0.0689995232
59700,-0.0667541705
59720,-0.0449213073
59740,-0.0416667504
59760,-0.0241703916
59780,-0.0420353094
59800,-0.0499492680
59820,-0.0349513268
59840,-0.0475090516
59860,-0.0378736939
59880,-0.0268253298
59900,-0.0346977086
59920,-0.0330797537
59940,-0.0343096324
59960,-0.0806500552
59980,-0.0446401960
60000,-0.0472451920
60020,-0.0390379277
60040,-0.0494950664
60060,-0.0333750132
60080,-0.0479294743
60100,-0.0345511245
60120,-0.0555996151
60140,-0.0235689056
60160,-0.0451541365
60180,-0.0239614046
60200,-0.0377979875
60220,-0.0369965975
60240,-0.0415581411
60260,-0.0589214821
60280,-0.0546704110
60300,-0.0566585120
60320,-0.0198543874
60340,-0.0277557553
60360,-0.0341214719
60380,-0.0146745583
60400,-0.0267669479
60420,-0.0297131780
60440,-0.0126340075
60460,-0.0198995226
60480,-0.0269215273
60500,-0.0403357340
60520,-0.0242823106
60540,-0.0279665349
60560,-0.0550819146
60580,-0.0316691193
60600,-0.0333403001
60620,-0.0426018158
60640,-0.0350252020
60660,-0.0637140688
60680,-0.0331917648
60700,-0.0302807445
60720,-0.0280231703
60740,-0.0987413902
60760,-0.0284839182
60780,-0.0571427338
60800,-0.0330108731
60820,-0.0555802595
60840,-0.0264566799
60860,-0.0453117830
60880,-0.0442746726
60900,-0.0519591795
60920,-0.0228690421
60940,-0.0440991932
60960,-0.0572952530
60980,-0.0637649262
61000,-0.0524294783
61020,-0.0633929711
61040,-0.0415542923
61060,-0.0353254428
61080,-0.0236010949
61100,-0.0459643420
61120,-0.0498145993
61140,-0.0826489355
61160,-0.0424811175
61180,-0.0222902768
61200,-0.0196302727
61220,-0.0325188076
61240,-0.0537203293
61260,-0.0248659158
61280,-0.0105911866
61300,-0.0163923465
61320,-0.0256929630
61340,-0.0645149929
61360,-0.0211991308
61380,-0.0459662987
61400,-0.0403173775
61420,-0.0260921359
61440,-0.0168034169
61460,-0.0304381500
61480,-0.0228728639
61500,-0.0180259224
61520,-0.0401926022
61540,-0.0404725010
61560,-0.0228681209
61580,-0.0057654167
61600,-0.0274077173
61620,-0.0172305475
61640,-0.0273609341
61660,-0.0393741907
61680,-0.0185263594
61700,-0.0524495817
61720,-0.0245399339
61740,-0.0175995978
61760,-0.0144615007
61780,-0.0131602290
61800,-0.0296224885
61820,-0.0270250602
61840,-0.0376264174
61860,-0.0268074213
61880,-0.0470997833
61900,-0.0123482029
61920,-0.0359055350
61940,-0.0197470004
61960,-0.0351902966
61980,-0.0343816001
62000,-0.0216751422
62020,-0.0303103873
62040,-0.0359006469
62060,-0.0611817777
62080,-0.0231685782
62100,-0.0433606050
62120,-0.0283960192
62140,-0.0476882135
62160,-0.0145014679
62180,-0.0379643032
62200,-0.0614802037
62220,-0.0464029565
62240,-0.0291019211
62260,-0.0488459350
62280,-0.0337382371
62300,-0.0409694584
62320,-0.0635301328
62340,-0.0336860670
62360,-0.0245491798
62380,-0.0464359187
62400,-0.0563214849
62420,-0.0300985309
62440,-0.0240948712
62460,-0.0682580058
62480,-0.0199977126
62500,-0.0413689192
62520,-0.0616318128
62540,-0.0316408104
62560,-0.0639218906
62580,-0.0503434935
62600,-0.0304269990
62620,-0.0242706698
62640,-0.0437830259
62660,-0.0496745640
62680,-0.0581920525
62700,-0.0310893190
62720,-0.0339250082
62740,-0.0222284504
62760,-0.0291546598
62780,-0.0241988902
62800,-0.0319191233
62820,-0.0364998230
62840,-0.0169248444
62860,-0.0203753987
62880,-0.0297982247
62900,-0.0110248960
62920,-0.0309396154
62940,-0.0233270775
62960,-0.0191228583
62980,-0.0339849600
63000,-0.0224870321
63020,-0.0137788033
63040,-0.0430023725
63060,-0.0221818410
63080,-0.0289746802
63100,-0.0382264976
63120,-0.0436421411
63140,-0.0224120153
63160,-0.0267109559
63180,-0.0175023439
63200,-0.0372005834
63220,-0.0367447431
63240,-0.0195247524
63260,-0.0298249712
63280,-0.0411052736
63300,-0.0546866831
63320,-0.0219784382
63340,-0.0596491299
63360,-0.0310641582
63380,-0.0407728505
63400,-0.0280465425
63420,-0.0389881704
63440,-0.0470429290
63460,-0.0431825375
63480,-0.0365924056
63500,-0.0239273744
63520,-0.0224111110
63540,-0.0345798326
63560,-0.0200736639
63580,-0.0429187856
63600,-0.0449616884
63620,-0.0302787751
63640,-0.0377023447
63660,-0.0409751497
63680,-0.0146174056
63700,-0.0268982152
63720,-0.0188477856
63740,-0.0289790098
63760,-0.0413217403
63780,-0.0262622205
63800,-0.0246651453
63820,-0.0464132549
63840,-0.0658973328
63860,-0.0464740945
63880,-0.0571074298
63900,-0.0796558770
63920,-0.0209109581
63940,-0.0175931106
63960,-0.0115439280
63980,-0.0263296722
64000,-0.0350298254
64020,-0.0639588140
64040,-0.0408372300
64060,-0.0358246414
64080,-0.0299386228
64100,-0.0373677805
64120,-0.0529272067
64140,-0.0469783068
64160,-0.0539706047
64180,-0.0400650288
64200,-0.0516508093
64220,-0.0401756919
64240,-0.0242419378
64260,-0.0234537111
64280,-0.0757058798
64300,-0.0239193106
64320,-0.0465905000
64340,-0.0354525351
64360,-0.0582808235
64380,-0.0111793974
64400,-0.0281329392
64420,-0.0322649250
64440,-0.0171856938
64460,-0.0462074199
64480,-0.0341002464
64500,-0.0250160061
64520,-0.0677783211
64540,-0.0508348820
64560,-0.0535458731
64580,-0.0626989264
64600,-0.0366944850
64620,-0.0300223292
64640,-0.0387668130
64660,-0.0532097646
64680,-0.0318632506
64700,-0.0279280023
64720,-0.0284118860
64740,-0.0513398937
64760,-0.0405371981
64780,-0.0177306483
64800,-0.0360842641
64820,-0.0381880807
64840,-0.0372492952
64860,-0.0374009935
64880,-0.0289421520
64900,-0.0385978524
64920,-0.0569718132
64940,-0.0603461680
64960,-0.0360554682
64980,-0.0404625799
65000,-0.0538979210
65020,-0.0671799198
65040,-0.0792294572
65060,-0.1017618951
65080,-0.0916851467
65100,-0.0871248108
65120,-0.1101354309
65140,-0.1055137012
65160,-0.0786236577
65180,-0.0901566954
65200,-0.1214280181
65220,-0.0933844426
65240,-0.1402198119
65260,-0.1317788868
65280,-0.1383330670
65300,-0.1378494690
65320,-0.0699782883
65340,-0.0437027556
65360,-0.0394041914
65380,-0.0164730640
65400,-0.0186143815
65420,-0.0124776667
65440,-0.0352500227
65460,-0.0621098986
65480,-0.0440286721
65500,-0.0190306824
65520,-0.0450838077
65540,-0.0241772329
65560,-0.0470688051
65580,-0.0285634847
65600,-0.0392519989
65620,-0.0575116913
65640,-0.0488043464
65660,-0.0643826663
65680,-0.0330888289
65700,-0.0651612939
65720,-0.0436986812
65740,-0.0590592845
65760,-0.1012290429
65780,-0.0698803455
65800,-0.0477047215
65820,-0.1160258343
65840,-0.0436462505
65860,-0.1020223616
65880,-0.0930356680
65900,-0.0509881469
65920,-0.0743138471
65940,-0.0376538767
65960,-0.0311937771
65980,-0.0473093638
66000,-0.0689723083
66020,-0.0597475528
66040,-0.0749290853
66060,-0.0376811201
66080,-0.0631360312
66100,-0.0630273479
66120,-0.0472209609
66140,-0.0374566325
66160,-0.0394649387
66180,-0.0651113442
66200,-0.0471713992
66220,-0.0408873983
66240,-0.0453252719
66260,-0.0586485647
66280,-0.0511888558
66300,-0.0485945350
66320,-0.0454959055
66340,-0.0388826331
66360,-0.0315825627
66380,-0.0284281955
66400,-0.0263654009
66420,-0.0184457911
66440,-0.0348623908
66460,-0.0526374473
66480,-0.0335826796
66500,-0.0252683432
66520,-0.0497792182
66540,-0.0267725709
66560,-0.0253252245
66580,-0.0322816258
66600,-0.0638337973
66620,-0.0398258448
66640,-0.0244900593
66660,-0.0250492714
66680,-0.0131476931
66700,-0.0222737832
66720,-0.0298972710
66740,-0.0411397917
66760,-0.0498464042
66780,-0.0443701000
66800,-0.0405358819
66820,-0.0279882614
66840,-0.0341495471
66860,-0.0278258335
66880,-0.0705740955
66900,-0.0337827021
66920,-0.0693388121
66940,-0.0474598685
66960,-0.0274694600
66980,-0.0375887828
67000,-0.0392700935
67020,-0.0467148990
67040,-0.0434244305
67060,-0.0392642662
67080,-0.0277216762
67100,-0.0348025389
67120,-0.0349091119
67140,-0.0420789812
67160,-0.0297042127
67180,-0.0249545333
67200,-0.0245550393
67220,-0.0277465438
67240,-0.0218035055
67260,-0.0386169144
67280,-0.0416836531
67300,-0.0367845169
67320,-0.0087382019
67340,-0.0331453094
67360,-0.0597284856
67380,-0.0241390129
67400,-0.0171960290
67420,-0.0299778580
67440,-0.0256046450
67460,-0.0227269106
67480,-0.0405736602
67500,-0.0222806337
67520,-0.0352222222
67540,-0.0749438833
67560,-0.0407302009
67580,-0.0344777498
67600,-0.0303097689
67620,-0.0457789623
67640,-0.0478708991
67660,-0.0471613940
67680,-0.0530281105
67700,-0.0306634869
67720,-0.0332089358
67740,-0.0186336263
67760,-0.0326079248
67780,-0.0202223494
67800,-0.0281660383
67820,-0.0384960897
67840,-0.0611516886
67860,-0.0396149417
67880,-0.0326532190
67900,-0.0579575919
67920,-0.0388709320
67940,-0.0357393755
67960,-0.0376721175
67980,-0.0186117168
68000,-0.0407681027
68020,-0.0476416263
68040,-0.0274826321
68060,-0.0416116934
68080,-0.0308700030
68100,-0.0288704703
68120,-0.0438512557
68140,-0.0443083614
68160,-0.0676350777
68180,-0.0459353700
68200,-0.0533080603
68220,-0.0230357165
68240,-0.0239732269
68260,-0.0465675567
68280,-0.0566111449
68300,-0.0325207199
68320,-0.0343477630
68340,-0.0416558237
68360,-0.0167108762
68380,-0.0138171254
68400,-0.0328182664
68420,-0.0240752459
68440,-0.0352796423
68460,-0.0274757265
68480,-0.0176529155
68500,-0.0524606488
68520,-0.0388926739
68540,-0.0051466977
68560,-0.0327229594
68580,-0.0274234549
68600,-0.0305516795
68620,-0.0283080599
68640,-0.0611590378
68660,-0.0375534025
68680,-0.0574505274
68700,-0.0265126095
68720,-0.0290611416
68740,-0.0319882433
68760,-0.0328650805
68780,-0.0499678386
68800,-0.0515281095
68820,-0.0859620795
68840,-0.0728116655
68860,-0.0584892345
68880,-0.1165830039
68900,-0.1149561558
68920,-0.1167292991
68940,-0.0859241714
68960,-0.0565013263
68980,-0.0532352045
69000,-0.0403526392
69020,-0.0334378945
69040,-0.0317991044
69060,-0.0203095000
69080,-0.0198814533
69100,-0.0511968727
69120,-0.0486297793
69140,-0.0261598138
69160,-0.0477520809
69180,-0.0400242110
69200,-0.0545052918
69220,-0.0463537141
69240,-0.0412672007
69260,-0.0472774493
69280,-0.0291914943
69300,-0.0166366970
69320,-0.0381949428
69340,-0.0201780650
69360,-0.0388928468
69380,-0.0191568201
69400,-0.0135417581
69420,-0.0469538554
69440,-0.0385622076
69460,-0.0176940621
69480,-0.0299460730
69500,-0.0253517302
69520,-0.0330326091
69540,-0.0234558450
69560,-0.0260498162
69580,-0.0320032772
69600,-0.0592452528
69620,-0.0245242121
69640,-0.0261677770
69660,-0.0318403000
69680,-0.0281553517
69700,-0.0346384444
69720,-0.0344140131
69740,-0.0462551447
69760,-0.0297453853
69780,-0.0171021843
69800,-0.0414708575
69820,-0.0252164247
69840,-0.0224297243
69860,-0.0246236573
69880,-0.0526777877
69900,-0.0385706597
69920,-0.0111583367
69940,-0.0327735383
69960,-0.0298338216
69980,-0.0363727657
70000,-0.0174839347
70020,-0.0217096613
70040,-0.0375604088
70060,-0.0417281588
70080,-0.0289377150
70100,-0.0447151042
70120,-0.0379077581
70140,-0.0684659027
70160,-0.0545615456
70180,-0.0624662664
70200,-0.0417164503
70220,-0.0317153592
70240,-0.0355530406
70260,-0.0326053244
70280,-0.0250934298
70300,-0.0453155366
70320,-0.0336002033
70340,-0.0339071262
70360,-0.0265151540
70380,-0.0119748430
70400,-0.0217893582
70420,-0.0632781218
70440,-0.0673201594
70460,-0.0711067761
70480,-0.0612406161
70500,-0.0419126684
70520,-0.0641797005
70540,-0.0470188968
70560,-0.0395672211
70580,-0.0685087462
70600,-0.0376691562
70620,-0.0288023178
70640,-0.0432340108
70660,-0.0154048409
70680,-0.0369549389
70700,-0.0349227573
70720,-0.0284733815
70740,-0.0122876367
70760,-0.0764903886
70780,-0.0188692009
70800,-0.0272569243
70820,-0.0128912888
70840,-0.0403314690
70860,-0.0165631101
70880,-0.0437363855
70900,-0.0579989474
70920,-0.0668119463
70940,-0.0259711152
70960,-0.0345397472
70980,-0.0202067288
71000,-0.0437572035
71020,-0.0123584347
71040,-0.0338865240
71060,-0.0423703745
71080,-0.0355329165
71100,-0.0404127761
71120,-0.0452651648
71140,-0.0199946343
71160,-0.0247765873
71180,-0.0186907165
71200,-0.0179141130
71220,-0.0169393489
71240,-0.0464125287
71260,-0.0203986016
71280,-0.0225714414
71300,-0.0132295959
71320,-0.0255533011
71340,-0.0239003600
71360,-0.0031847796
71380,-0.0179179415
71400,-0.0104923293
71420,-0.0143289604
71440,-0.0279774048
71460,-0.0175748890
71480,-0.0357002667
71500,-0.0577920291
71520,-0.0144114394
71540,-0.0258786020
71560,-0.0272828798
71580,-0.0489761686
71600,-0.0203181520
71620,-0.0779169505
71640,-0.0342435142
71660,-0.0286059090
71680,-0.0468276575
71700,-0.0457608039
71720,-0.0555144473
71740,-0.0266209259
71760,-0.0349858811
71780,-0.0219599054
71800,-0.0783128423
71820,-0.0294408309
71840,-0.0251104501
71860,-0.0172965532
71880,-0.0184629346
71900,-0.0126765689
71920,-0.0335104927
71940,-0.0270137705
71960,-0.0370238808
71980,-0.0362516955
72000,-0.0209902311
72020,-0.0173504322
72040,-0.0148005705
72060,-0.0423463764
72080,-0.0697468180
72100,-0.0441711952
72120,-0.0649822133
72140,-0.0801293595
72160,-0.0574889403
72180,-0.0588341122
72200,-0.0527132985
72220,-0.0438887589
72240,-0.0120856538
72260,-0.0294377620
72280,-0.0503594078
72300,-0.0334608087
72320,-0.0529901668
72340,-0.0618835229
72360,-0.0318053861
72380,-0.0357731052
72400,-0.0348808657
72420,-0.0576011435
72440,-0.0329333483
72460,-0.0692283727
72480,-0.0403880811
72500,-0.0271346519
72520,-0.0706047305
72540,-0.0368192060
72560,-0.0439612724
72580,-0.0424083722
72600,-0.0568620092
72620,-0.0307547653
72640,-0.0468601259
72660,-0.0557313209
72680,-0.0242955552
72700,-0.0165250435
72720,-0.0181429420
72740,-0.0276412862
72760,-0.0410930491
72780,-0.0375017464
72800,-0.0841377686
72820,-0.0278267177
72840,-0.0494242881
72860,-0.0509018345
72880,-0.0266894972
72900,-0.0545867516
72920,-0.0322904497
72940,-0.0578138040
72960,-0.0719960183
72980,-0.0320950291
73000,-0.0675775034
73020,-0.0548746982
73040,-0.1038605042
73060,-0.0773525114
73080,-0.0502597310
73100,-0.0389089890
73120,-0.0255852307
73140,-0.0350372613
73160,-0.0860983598
73180,-0.0527838947
73200,-0.0403736447
73220,-0.0225879791
73240,-0.0192050468
73260,-0.0192688116
73280,-0.0388928199
73300,-0.0189535859
73320,-0.0352966087
73340,-0.0714262617
73360,-0.0273342658
73380,-0.0395753223
73400,-0.0295435142
73420,-0.0161607271
73440,-0.0268754244
73460,-0.0414059125
73480,-0.0209863900
73500,-0.0318763792
73520,-0.0677050738
73540,-0.0387653716
73560,-0.0236119213
73580,-0.0516655826
73600,-0.0604823472
73620,-0.0428778147
73640,-0.0647073937
73660,-0.0582976196
73680,-0.0853218657
73700,-0.0845473255
73720,-0.0844787416
73740,-0.1006154614
73760,-0.0942686734
73780,-0.1067327118
73800,-0.0780509367
73820,-0.0647242998
73840,-0.0747100869
73860,-0.0748396739
73880,-0.0635177502
73900,-0.0445598996
73920,-0.0470079169
73940,-0.0345338258
73960,-0.0170707471
73980,-0.0333413508
74000,-0.0125478732
74020,-0.0616986549
74040,-0.0281190105
74060,-0.0112915293
74080,-0.0379523512
74100,-0.0326452540
74120,-0.0235773527
74140,-0.0260124818
74160,-0.0410052369
74180,-0.0295561707
74200,-0.0581320290
74220,-0.0610254541
74240,-0.0362148948
74260,-0.0532062299
74280,-0.0388518919
74300,-0.0214726647
74320,-0.0535780664
74340,-0.0333133797
74360,-0.0137825549
74380,-0.0490003017
74400,-0.0311721548
74420,-0.0407701341
74440,-0.0309386225
74460,-0.0084781277
74480,-0.0206961947
74500,-0.0290092890
74520,-0.0316697485
74540,-0.0335049896
74560,-0.0288689027
74580,-0.0260806201
74600,-0.0298917044
74620,-0.0142659677
74640,-0.0264400531
74660,-0.0226002742
74680,-0.0372093762
74700,-0.0263663231
74720,-0.0234202446
74740,-0.0203061346
74760,-0.0184108183
74780,-0.0229692966
74800,-0.0467902565
74820,-0.0301758463
74840,-0.0399868948
74860,-0.0344452552
74880,-0.0231733441
74900,-0.0386769091
74920,-0.0228400443
74940,-0.0148542715
74960,-0.0196471505
74980,-0.0154187363
75000,-0.0506990178
75020,-0.0684033708
75040,-0.0372116149
75060,-0.0435923174
75080,-0.0435342130
75100,-0.0230635947
75120,-0.0253182404
75140,-0.0331867326
75160,-0.0248458028
75180,-0.0227059723
75200,-0.0339699330
75220,-0.0536097823
75240,-0.0215396034
75260,-0.0177400015
75280,-0.0228008609
75300,-0.0205570345
75320,-0.0488580468
75340,-0.0432727274
75360,-0.0227404172
75380,-0.0572344797
75400,-0.0441548938
75420,-0.0308762419
75440,-0.0511660769
75460,-0.0416730226
75480,-0.0636787696
75500,-0.0521081961
75520,-0.0329037291
75540,-0.0667071403
75560,-0.0382959915
75580,-0.0149986853
75600,-0.0286748085
75620,-0.0272486895
75640,-0.0247419250
75660,-0.0161650725
75680,-0.0450335081
75700,-0.0420760715
75720,-0.0248449436
75740,-0.0322916549
75760,-0.0618082017
75780,-0.0812234617
75800,-0.0883222173
75820,-0.0698673785
75840,-0.0604552891
75860,-0.0674434538
75880,-0.0581755846
75900,-0.0546745157
75920,-0.0457271491
75940,-0.0220360960
75960,-0.0200149192
75980,-0.0299030909
76000,-0.0384730815
76020,-0.0337072360
76040,-0.0554959756
76060,-0.0563845330
76080,-0.0429689970
76100,-0.0471438286
76120,-0.0540374014
76140,-0.0496090327
76160,-0.0563853733
76180,-0.0411301222
76200,-0.0374182611
76220,-0.0610431916
76240,-0.0583689475
76260,-0.0477710286
76280,-0.0409637092
76300,-0.0471704014
76320,-0.0414326577
76340,-0.0234796499
76360,-0.0259119016
76380,-0.0188193065
76400,-0.0274809388
76420,-0.0228180090
76440,-0.0323490538
76460,-0.0430166247
76480,-0.0554106684
76500,-0.0517281819
76520,-0.0866792618
76540,-0.0589477680
76560,-0.0667481705
76580,-0.0232790521
76600,-0.0445158275
76620,-0.0209289964
76640,-0.0265356842
76660,-0.0136269485
76680,-0.0503211951
76700,-0.0315598877
76720,-0.0371002120
76740,-0.0680333635
76760,-0.0529033103
76780,-0.0285014424
76800,-0.0144565404
76820,-0.0538201342
76840,-0.0201889702
76860,-0.0600079015
76880,-0.0154554342
76900,-0.0462630474
76920,-0.0181042312
76940,-0.0257841096
76960,-0.0221739668
76980,-0.0302227833
77000,-0.0348549896
77020,-0.0774088356
77040,-0.0556797984
77060,-0.0355568231
77080,-0.0775413917
77100,-0.0275240105
77120,-0.0330150840
77140,-0.0375164213
77160,-0.0402313412
77180,-0.0116913179
77200,-0.0193252908
77220,-0.0320091811
77240,-0.0389885207
77260,-0.0302973159
77280,-0.0314242875
77300,-0.0477334222
77320,-0.0358314711
77340,-0.0250222144
77360,-0.0213304687
77380,-0.0312068682
77400,-0.0334180747
77420,-0.0350991329
77440,-0.0211604562
77460,-0.0362257001
77480,-0.0313342911
77500,-0.0261666322
77520,-0.0330454333
77540,-0.0391568826
77560,-0.0333061072
77580,-0.0445414672
77600,-0.0285386333
77620,-0.0304988349
77640,-0.0714747324
77660,-0.0721483434
77680,-0.0742383370
77700,-0.0688724036
77720,-0.0742364105
77740,-0.0466328547
77760,-0.0687945114
77780,-0.0562220714
77800,-0.0697520325
77820,-0.0902667581
77840,-0.0817704228
77860,-0.0225719824
77880,-0.0562953322
77900,-0.0379586261
77920,-0.0524095629
77940,-0.0806108998
77960,-0.0442505664
77980,-0.0201466950
78000,-0.0746858519
78020,-0.0656537275
78040,-0.0653439294
78060,-0.0332478760
78080,-0.0339788402
78100,-0.0410180935
78120,-0.0272120863
78140,-0.0248787923
78160,-0.0309363968
78180,-0.0181776733
78200,-0.0318140818
78220,-0.0374339703
78240,-0.0383188697
78260,-0.0401151296
78280,-0.0802888835
78300,-0.0445026904
78320,-0.0417946194
78340,-0.0696054375
78360,-0.0563539869
78380,-0.0530314797
78400,-0.0560339169
78420,-0.0325425711
78440,-0.0326621048
78460,-0.0394205051
78480,-0.0386371906
78500,-0.0420223609
78520,-0.0500656590
78540,-0.0502054913
78560,-0.0233969856
78580,-0.0434616145
78600,-0.0262112976
78620,-0.0320290125
78640,-0.0293183059
78660,-0.0535516986
78680,-0.0430683597
78700,-0.0200487588
78720,-0.0177461600
78740,-0.0096479476
78760,-0.0137743357
78780,-0.0332615648
78800,-0.0203116468
78820,-0.0236164017
78840,-0.0249357329
78860,-0.0272303594
78880,-0.0250795806
78900,-0.0359851264
78920,-0.0294531654
78940,-0.0248396793
78960,-0.0298542007
78980,-0.0312416391
79000,-0.0169971798
79020,-0.0299712404
79040,-0.0341095489
79060,-0.0467182929
79080,-0.0769629871
79100,-0.0490328568
79120,-0.0134739026
79140,-0.0153876582
79160,-0.0271648995
79180,-0.0213786546
79200,-0.0561563158
79220,-0.0173489240
79240,-0.0222734278
79260,-0.0358307615
79280,-0.0209909354
79300,-0.0311667744
79320,-0.0128676735
79340,-0.0254228874
79360,-0.0246789705
79380,-0.0146504346
79400,-0.0143583556
79420,-0.0356317520
79440,-0.0342383653
79460,-0.0356751985
79480,-0.0300370258
79500,-0.0254761003
79520,-0.0307876614
79540,-0.0331825695
79560,-0.0214859211
79580,-0.0311021844
79600,-0.0399459519
79620,-0.0494600343
79640,-0.0402922123
79660,-0.0207424615
79680,-0.0162300654
79700,-0.0302954046
79720,-0.0344697160
79740,-0.0185963835
79760,-0.0271791161
79780,-0.0322435709
79800,-0.0300422929
79820,-0.0306917722
79840,-0.0180406405
79860,-0.0162918323
79880,-0.0139406397
79900,-0.0315623042
79920,-0.0115496112
79940,-0.0495730165
79960,-0.0132391139
79980,-0.0400419023
80000,-0.0102783978
80020,-0.0617276751
80040,-0.0711483968
80060,-0.0577106359
80080,-0.0172223613
80100,-0.0466141562
80120,-0.0399935948
80140,-0.0318776860
80160,-0.0509207295
80180,-0.0260054921
80200,-0.0301643490
80220,-0.0303565798
80240,-0.0504292088
80260,-0.0325352108
80280,-0.0379669952
80300,-0.0196872353
80320,-0.0189351092
80340,-0.0258901485
80360,-0.0398414072
80380,-0.0104421619
80400,-0.0479826019
80420,-0.0375722362
80440,-0.0266407478
80460,-0.0366999747
80480,-0.0048384078
80500,-0.0106621168
80520,-0.0141955774
80540,-0.0393274693
80560,-0.0304883251
80580,-0.0409056741
80600,-0.0570009417
80620,-0.0444915228
80640,-0.0187092822
80660,-0.0313594102
80680,-0.0570356059
80700,-0.0297430053
80720,-0.0488934640
80740,-0.0272232232
80760,-0.0311200269
80780,-0.0230948265
80800,-0.0311665179
80820,-0.0203085008
80840,-0.0097089892
80860,-0.0284134016
80880,-0.0164951188
80900,-0.0039144020
80920,-0.0412050657
80940,-0.0110521284
80960,-0.0347865355
80980,-0.0237541100
81000,-0.0446887949
81020,-0.0288869064
81040,-0.0026059183
81060,-0.0296998593
81080,-0.0269402534
81100,-0.0331610899
81120,-0.0051474993
81140,-0.0299714520
81160,-0.0426990868
81180,-0.0207306439
81200,-0.0348541892
81220,-0.0224734873
81240,-0.0075867317
81260,-0.0289482824
81280,-0.0126798082
81300,-0.0215112735
81320,-0.0160008328
81340,-0.0278454474
81360,-0.0548621513
81380,-0.0255615283
81400,-0.0295391195
81420,-0.0179623121
81440,-0.0121456211
81460,-0.0368263010
81480,-0.0189177011
81500,-0.0190177622
81520,-0.0274927215
81540,-0.0322970407
81560,-0.0213306951
81580,-0.0175210479
81600,-0.0163644829
81620,-0.0200655242
81640,-0.0069675568
81660,-0.0182933707
81680,-0.0215178591
81700,-0.0242751421
81720,-0.0331016243
81740,-0.0230062550
81760,-0.0230498160
81780,-0.0290539639
81800,-0.0191563284
81820,-0.0249816822
81840,-0.0376473415
81860,-0.0239384285
81880,-0.0507155016
81900,-0.0502996621
81920,-0.0303390361
81940,-0.0267877891
81960,-0.0173136387
81980,-0.0447448362
82000,-0.0221785117
82020,-0.0273754705
82040,-0.0127513542
82060,-0.0282100334
82080,-0.0433495404
82100,-0.0177618751
82120,-0.0234030164
82140,-0.0422525053
82160,-0.0323230503
82180,-0.0154425142
82200,-0.0327521486
82220,-0.0169072683
82240,-0.0270970721
82260,-0.0186219366
82280,-0.0102678286
82300,-0.0150599797
82320,-0.0290730032
82340,-0.0355599584
82360,-0.0436957997
82380,-0.0365243450
82400,-0.0205482931
82420,-0.0568799132
82440,-0.0706620592
82460,-0.0138472659
82480,-0.0327892481
82500,-0.0577775930
82520,-0.0568012054
82540,-0.0265105131
82560,-0.0790656321
82580,-0.0695495604
82600,-0.0597994213
82620,-0.0458652833
82640,-0.0604615892
82660,-0.0796064100
82680,-0.1048697450
82700,-0.0546747601
82720,-0.0474108995
82740,-0.0515641690
82760,-0.0543433716
82780,-0.0583475605
82800,-0.0752464801
82820,-0.0800599181
82840,-0.0536420592
82860,-0.0544960248
82880,-0.0499901984
82900,-0.0408919666
82920,-0.0437493041
82940,-0.0493752448
82960,-0.0920232689
82980,-0.0500803673
83000,-0.0323239052
83020,-0.0648777038
83040,-0.0218764468
83060,-0.0341407998
83080,-0.0278254010
83100,-0.0500294985
83120,-0.0385016894
83140,-0.0311269413
83160,-0.0738582486
83180,-0.0687832718
83200,-0.0155544351
83220,-0.0270473974
83240,-0.0285844425
83260,-0.0363275406
83280,-0.0243684570
83300,-0.0259905508
83320,-0.0558000350
83340,-0.0449513366
83360,-0.0813497914
83380,-0.0504678454
83400,-0.0314423551
83420,-0.0198787972
83440,-0.0437451604
83460,-0.0659055501
83480,-0.0614913550
83500,-0.0558217630
83520,-0.0467782810
83540,-0.0400492701
83560,-0.0753390905
83580,-0.0677439894
83600,-0.0788612797
83620,-0.0974192859
83640,-0.0760220159
83660,-0.0690388252
83680,-0.0657965757
83700,-0.0463964767
83720,-0.0305895022
83740,-0.0756307703
83760,-0.0644698586
83780,-0.0710085510
83800,-0.0738550969
83820,-0.0977973313
83840,-0.0978475625
83860,-0.0445649767
83880,-0.0453583423
83900,-0.0275334718
83920,-0.0467669174
83940,-0.0317241505
83960,-0.0827572835
83980,-0.0967145542
84000,-0.0920310692
84020,-0.0764702463
84040,-0.0637441741
84060,-0.0644772796
84080,-0.1384844312
84100,-0.0888280912
84120,-0.0859853957
84140,-0.0911088500
84160,-0.0658466530
84180,-0.0912299383
84200,-0.0795346909
84220,-0.1021702682
84240,-0.0850132782
84260,-0.0932372291
84280,-0.0600104610
84300,-0.0746540056
84320,-0.0431287003
84340,-0.0818396084
84360,-0.0626863121
84380,-0.0727128916
84400,-0.0343405919
84420,-0.0659796998
84440,-0.0471528939
84460,-0.0540316633
84480,-0.0486034218
84500,-0.0796521681
84520,-0.0406578320
84540,-0.0450162496
84560,-0.0657610633
84580,-0.0689421675
84600,-0.0538523962
84620,-0.0951665526
84640,-0.0478062460
84660,-0.0482595227
84680,-0.0774736301
84700,-0.0631808674
84720,-0.0842466446
84740,-0.0619716232
84760,-0.0803797836
84780,-0.1020887329
84800,-0.0810642687
84820,-0.0775498072
84840,-0.0711038858
84860,-0.0757201768
84880,-0.0869802959
84900,-0.1204544426
84920,-0.0952989218
84940,-0.0614571190
84960,-0.0692041343
84980,-0.0954897545
85000,-0.1074092618
85020,-0.0897089266
85040,-0.1061470475
85060,-0.1270857794
85080,-0.1232156845
85100,-0.1280826895
85120,-0.1340551993
85140,-0.0921563355
85160,-0.1073062836
85180,-0.0996476374
85200,-0.0765006983
85220,-0.0720699617
85240,-0.0681798942
85260,-0.0921368048
85280,-0.0488553273
85300,-0.0801874433
85320,-0.0508288609
85340,-0.0851032898
85360,-0.0620812668
85380,-0.0778678008
85400,-0.0715514328
85420,-0.0742595732
85440,-0.0807756330
85460,-0.0965370993
85480,-0.0341599424
85500,-0.0557728602
85520,-0.0427508398
85540,-0.0544095082
85560,-0.0439168612
85580,-0.0435159671
85600,-0.0296461026
85620,-0.0522384912
85640,-0.0649221835
85660,-0.0531328002
85680,-0.0457375533
85700,-0.0504337105
85720,-0.0889775914
85740,-0.0495719820
85760,-0.0472113442
85780,-0.0484837216
85800,-0.0711078023
85820,-0.0719674764
85840,-0.0683105241
85860,-0.0406624780
85880,-0.0435625209
85900,-0.0969165940
85920,-0.0525224566
85940,-0.0644639787
85960,-0.0739306318
85980,-0.0802210481
86000,-0.0508232069
86020,-0.0933305935
86040,-0.0829291483
86060,-0.0618036223
86080,-0.0549170764
86100,-0.0619341009
86120,-0.0860007944
86140,-0.0676230811
86160,-0.0606248296
86180,-0.0655405077
86200,-0.0357277339
86220,-0.0475077199
86240,-0.0411334055
86260,-0.0721481546
86280,-0.0599379321
86300,-0.0568495173
86320,-0.0386497820
86340,-0.0524063880
86360,-0.0461508785
86380,-0.0614621550
86400,-0.0321082272
86420,-0.0383412978
86440,-0.0783851241
86460,-0.0597169351
86480,-0.0670850826
86500,-0.1081178885
86520,-0.0988931667
86540,-0.0797499150
86560,-0.1285642412
86580,-0.1149758575
86600,-0.1259055210
86620,-0.1515042676
86640,-0.1500737956
86660,-0.1519544686
86680,-0.1519829856
86700,-0.1097880359
86720,-0.0872329578
86740,-0.1132194564
86760,-0.1070527240
86780,-0.1346805108
86800,-0.0887751341
86820,-0.0913600588
86840,-0.1085336658
86860,-0.1472450612
86880,-0.0977700652
86900,-0.0893840264
86920,-0.0704356275
86940,-0.1019525638
86960,-0.0666448448
86980,-0.0560587325
87000,-0.0370744222
87020,-0.0923351983
87040,-0.0816402850
87060,-0.0643171611
87080,-0.0989726289
87100,-0.0753289866
87120,-0.0727315247
87140,-0.0424022603
87160,-0.0455087640
87180,-0.0432847741
87200,-0.0399012980
87220,-0.0502945015
87240,-0.0579723938
87260,-0.0314254015
87280,-0.0599090713
87300,-0.0598441172
87320,-0.0516747567
87340,-0.0542702205
87360,-0.0409472013
87380,-0.0672674528
87400,-0.0505637978
87420,-0.0608620020
87440,-0.0850599551
87460,-0.0857865281
87480,-0.0679439168
87500,-0.0790284896
87520,-0.0675691198
87540,-0.0863213442
87560,-0.0798356475
87580,-0.0965271246
87600,-0.0679564845
87620,-0.0614476448
87640,-0.0982803295
87660,-0.0904754274
87680,-0.0798079287
87700,-0.0330832578
87720,-0.0628797712
87740,-0.0895127157
87760,-0.1253351761
87780,-0.0661195875
87800,-0.0717240174
87820,-0.0701329977
87840,-0.1147414308
87860,-0.1118431486
87880,-0.0629988323
87900,-0.0748274996
87920,-0.0701030549
87940,-0.0864057966
87960,-0.0734961217
87980,-0.0904057651
88000,-0.0741301386
88020,-0.0745757406
88040,-0.0726789220
88060,-0.0726533298
88080,-0.0937411152
88100,-0.1169578683
88120,-0.1222227680
88140,-0.1071177906
88160,-0.0791040009
88180,-0.0725211865
88200,-0.0690838914
88220,-0.0975540140
88240,-0.1237435176
88260,-0.1066365204
88280,-0.1332589528
88300,-0.1021100376
88320,-0.0701051117
88340,-0.1171094546
88360,-0.0995289618
88380,-0.1145478395
88400,-0.0758313267
88420,-0.1002515901
88440,-0.1000190927
88460,-0.0779021353
88480,-0.0825566849
88500,-0.0904347913
88520,-0.0558432900
88540,-0.0642944678
88560,-0.0313886280
88580,-0.0349721881
88600,-0.0737746364
88620,-0.0566746902
88640,-0.0467331759
88660,-0.0674970911
88680,-0.0458306839
88700,-0.0366533588
88720,-0.0603980728
88740,-0.0626705528
88760,-0.0721858350
88780,-0.1255460306
88800,-0.0533394472
88820,-0.0670003049
88840,-0.0535181023
88860,-0.0530443206
88880,-0.0503593631
88900,-0.0589671576
88920,-0.0425185330
88940,-0.0659792536
88960,-0.0806048515
88980,-0.0647878220
89000,-0.0723286366
89020,-0.0503924161
89040,-0.0475695934
89060,-0.0873855522
89080,-0.0486635491
89100,-0.0599888881
89120,-0.0534356822
89140,-0.0414669479
89160,-0.0436559906
89180,-0.0682105219
89200,-0.1232588173
89220,-0.1219527665
89240,-0.0837471039
89260,-0.1301165917
89280,-0.1593874238
89300,-0.1252313009
89320,-0.1447643099
89340,-0.1178067696
89360,-0.1466621803
89380,-0.1774366876
89400,-0.1301846679
89420,-0.1319865381
89440,-0.1328355165
89460,-0.1158915284
89480,-0.1265454723
89500,-0.1419171852
89520,-0.0969059409
89540,-0.1646226845
89560,-0.1333450311
89580,-0.1935942328
89600,-0.1629050959
89620,-0.1138691990
89640,-0.1287742962
89660,-0.0889358999
89680,-0.1234144861
89700,-0.1234542244
89720,-0.1432127330
89740,-0.1012154278
89760,-0.0598838405
89780,-0.0947171077
89800,-0.0801885083
89820,-0.0581933845
89840,-0.0881420511
89860,-0.1195298109
89880,-0.0674987610
89900,-0.0492006930
89920,-0.0644415496
89940,-0.0678020205
89960,-0.1173690463
89980,-0.0669003505
90000,-0.0618607767
90020,-0.1139601046
90040,-0.1006276919
90060,-0.0782030546
90080,-0.0852609440
90100,-0.1320087317
90120,-0.0994639574
90140,-0.0934241719
90160,-0.0856915184
90180,-0.0755003972
90200,-0.0682267597
90220,-0.0751001722
90240,-0.0602444299
90260,-0.0913880952
90280,-0.0559493516
90300,-0.0746820501
90320,-0.0687528385
90340,-0.0897978653
90360,-0.1355806304
90380,-0.0850362981
90400,-0.0749285169
90420,-0.0804361251
90440,-0.0828074241
90460,-0.0508931344
90480,-0.0654285031
90500,-0.0501304454
90520,-0.0486768287
90540,-0.0617117747
90560,-0.0611261054
90580,-0.0996709900
90600,-0.1855181544
90620,-0.1141965199
90640,-0.1049699171
90660,-0.0966729885
90680,-0.1113764794
90700,-0.1255494814
90720,-0.1106978614
90740,-0.1209162135
90760,-0.0900789312
90780,-0.1301391708
90800,-0.0801145909
90820,-0.0894956745
90840,-0.0727298927
90860,-0.0905942630
90880,-0.0786099406
90900,-0.1200508135
90920,-0.0800096857
90940,-0.0815376800
90960,-0.1003520879
90980,-0.1365877994
91000,-0.1159133200
91020,-0.1309674144
91040,-0.1273074477
91060,-0.1209183266
91080,-0.1034659157
91100,-0.1979058876
91120,-0.2116685322
91140,-0.1763182687
91160,-0.1312814918
91180,-0.1326585843
91200,-0.1187049416
91220,-0.1586713112
91240,-0.1172523847
91260,-0.1003727088
91280,-0.1187204282
91300,-0.1457000794
91320,-0.1423833168
91340,-0.1367180451
91360,-0.0923624116
91380,-0.1139375139
91400,-0.0818550604
91420,-0.0888416505
91440,-0.0993588491
91460,-0.1044537137
91480,-0.0660155811
91500,-0.0764481185
91520,-0.0648783605
91540,-0.0462847565
91560,-0.0978388695
91580,-0.0850990434
91600,-0.0631662732
91620,-0.0876681612
91640,-0.0533686012
91660,-0.0525429517
91680,-0.0341032950
91700,-0.0631276216
91720,-0.0961446588
91740,-0.0570730927
91760,-0.0710603052
91780,-0.0490061939
91800,-0.0689265298
91820,-0.0951296184
91840,-0.0739700015
91860,-0.0759345467
91880,-0.0788576998
91900,-0.0754455645
91920,-0.0836065590
91940,-0.1098429491
91960,-0.0711011545
91980,-0.0740846000
92000,-0.0722026415
92020,-0.0690567514
92040,-0.1003336059
92060,-0.0896847409
92080,-0.1045352544
92100,-0.0849356403
92120,-0.0670039124
92140,-0.1220805687
92160,-0.1043194907
92180,-0.1012359186
92200,-0.0832328123
92220,-0.0709895835
92240,-0.0940983657
92260,-0.1221693836
92280,-0.0574425675
92300,-0.0993265306
92320,-0.0980234768
92340,-0.0831059126
92360,-0.0697869327
92380,-0.0742154949
92400,-0.1044001630
92420,-0.1011384898
92440,-0.0715013648
92460,-0.0856384653
92480,-0.1014094702
92500,-0.0745868568
92520,-0.0741551258
92540,-0.0751215291
92560,-0.0425328988
92580,-0.0690765617
92600,-0.0694636583
92620,-0.0709980049
92640,-0.0781241271
92660,-0.0960706554
92680,-0.0290202304
92700,-0.0850629073
92720,-0.0795994175
92740,-0.0730343179
92760,-0.0852425658
92780,-0.0780004781
92800,-0.0939020606
92820,-0.1040402210
92840,-0.0854692710
92860,-0.0980627108
92880,-0.0612403080
92900,-0.0654650931
92920,-0.0692480945
92940,-0.0546355382
92960,-0.0935174458
92980,-0.0766998580
93000,-0.0877241248
93020,-0.0566905330
93040,-0.0623869994
93060,-0.0537648719
93080,-0.0332114794
93100,-0.0420045829
93120,-0.0517116250
93140,-0.0628181593
93160,-0.0691405280
93180,-0.1296404614
93200,-0.0556322377
93220,-0.0729340245
93240,-0.0794468153
93260,-0.0725127368
93280,-0.0941856775
93300,-0.0879280652
93320,-0.0777304467
93340,-0.0406354222
93360,-0.0732069585
93380,-0.0363265367
93400,-0.0736127176
93420,-0.0473309375
93440,-0.0746860179
93460,-0.0467947288
93480,-0.0427327133
93500,-0.0545067624
93520,-0.0394898958
93540,-0.0445509675
93560,-0.0450162068
93580,-0.0762208356
93600,-0.0709464843
93620,-0.0680256235
93640,-0.0522025545
93660,-0.0679004386
93680,-0.1060081978
93700,-0.0421364523
93720,-0.0584528532
93740,-0.0685513757
93760,-0.0535977327
93780,-0.0493289661
93800,-0.0574018860
93820,-0.0486607433
93840,-0.0668078279
93860,-0.0757170158
93880,-0.0947936185
93900,-0.0591899406
93920,-0.0895041477
93940,-0.0784489155
93960,-0.0630908336
93980,-0.0424564876
94000,-0.0781588879
94020,-0.0749587199
94040,-0.0621049661
94060,-0.0731080662
94080,-0.0821848336
94100,-0.0497998159
94120,-0.0405864759
94140,-0.0424222176
94160,-0.0688890151
94180,-0.0635396993
94200,-0.0365880849
94220,-0.0387555821
94240,-0.0473157220
94260,-0.0262784594
94280,-0.0361505837
94300,-0.0479020197
94320,-0.0529738064
94340,-0.0679290552
94360,-0.0452265012
94380,-0.0355235531
94400,-0.0442977177
94420,-0.0653457598
94440,-0.0583783229
94460,-0.0569209126
94480,-0.0705429787
94500,-0.0678261216
94520,-0.0549270672
94540,-0.0452056938
94560,-0.0579603683
94580,-0.1090386787
94600,-0.0843120753
94620,-0.0865779094
94640,-0.0788895797
94660,-0.0510139681
94680,-0.0766964157
94700,-0.0709446060
94720,-0.0802046044
94740,-0.0638723915
94760,-0.0469983738
94780,-0.0895273241
94800,-0.0444333735
94820,-0.0686875151
94840,-0.0758397408
94860,-0.0581683801
94880,-0.0905243952
94900,-0.0688293022
94920,-0.0665579617
94940,-0.0759685973
94960,-0.0732675452
94980,-0.0438367368
95000,-0.0481482884
95020,-0.0597085594
95040,-0.0611115367
95060,-0.0643975767
95080,-0.0594252343
95100,-0.0713322157
95120,-0.0391654970
95140,-0.0769033450
95160,-0.0710633424
95180,-0.0516192208
95200,-0.0733144870
95220,-0.0615336781
95240,-0.0684952025
95260,-0.0582750201
95280,-0.0984834298
95300,-0.0515533787
95320,-0.0621559565
95340,-0.0421310803
95360,-0.0624555114
95380,-0.0586597533
95400,-0.0676868546
95420,-0.0477528243
95440,-0.0439758913
95460,-0.0496297901
95480,-0.0691102605
95500,-0.0531781888
95520,-0.0472080491
95540,-0.0446557996
95560,-0.0677731475
95580,-0.0300669271
95600,-0.0661025224
95620,-0.0386543247
95640,-0.0375406675
95660,-0.0416063674
95680,-0.0393487094
95700,-0.0450014327
95720,-0.0363664947
95740,-0.0754770771
95760,-0.0461976633
95780,-0.0343615748
95800,-0.0810093745
95820,-0.0687762107
95840,-0.0751333474
95860,-0.0689346008
95880,-0.0486946108
95900,-0.0431404798
95920,-0.0445358013
95940,-0.0828336395
95960,-0.0654068836
95980,-0.0551297481
96000,-0.0665973229
96020,-0.0680143402
96040,-0.0762380556
96060,-0.0379070629
96080,-0.0460479261
96100,-0.0545765499
96120,-0.0376874029
96140,-0.0890191308
96160,-0.0609570746
96180,-0.0645669779
96200,-0.0429276125
96220,-0.0660390209
96240,-0.0801017219
96260,-0.0564459142
96280,-0.0519058201
96300,-0.0424033611
96320,-0.0636857370
96340,-0.0608820571
96360,-0.0733500949
96380,-0.0572100019
96400,-0.0810334163
96420,-0.0484985324
96440,-0.0589963669
96460,-0.0836178172
96480,-0.1000252801
96500,-0.0949327607
96520,-0.0963214007
96540,-0.1048059658
96560,-0.0872289079
96580,-0.1030708001
96600,-0.0863991140
96620,-0.0479966161
96640,-0.0500808458
96660,-0.0524700425
96680,-0.0437673148
96700,-0.1011121392
96720,-0.0491761075
96740,-0.0493971656
96760,-0.0658583910
96780,-0.0480727987
96800,-0.0397114569
96820,-0.0476205476
96840,-0.0849082007
96860,-0.0517275994
96880,-0.0432507931
96900,-0.0477345705
96920,-0.0425895976
96940,-0.0644907291
96960,-0.0578639193
96980,-0.0403248760
97000,-0.0988176845
97020,-0.0650344947
97040,-0.0642911448
97060,-0.0512278856
97080,-0.0683437757
97100,-0.0657998572
97120,-0.0579996353
97140,-0.0952453674
97160,-0.1406464876
97180,-0.1284841394
97200,-0.0884648028
97220,-0.0523622925
97240,-0.0711317504
97260,-0.0756027567
97280,-0.0708573143
97300,-0.0733437481
97320,-0.0972635758
97340,-0.0699317123
97360,-0.0656711013
97380,-0.0902554174
97400,-0.0661912208
97420,-0.0599447496
97440,-0.0868404136
97460,-0.0718992386
97480,-0.0928101568
97500,-0.1137573713
97520,-0.0870474323
97540,-0.1115420193
97560,-0.0741406121
97580,-0.0664404350
97600,-0.0961115722
97620,-0.0964606193
97640,-0.1006753409
97660,-0.0986270193
97680,-0.1149388196
97700,-0.1551037981
97720,-0.1193707133
97740,-0.1260635482
97760,-0.1017869699
97780,-0.0918814067
97800,-0.1239712454
97820,-0.1420826993
97840,-0.1135007844
97860,-0.1046576540
97880,-0.1345450371
97900,-0.1133575436
97920,-0.0742051876
97940,-0.0799810120
97960,-0.0781966266
97980,-0.0663750575
98000,-0.1012938978
98020,-0.0785353007
98040,-0.0647511934
98060,-0.0617637771
98080,-0.0627450341
98100,-0.0791420346
98120,-0.1078135280
98140,-0.0905571233
98160,-0.0677177843
98180,-0.0571042901
98200,-0.0585690766
98220,-0.0789830663
98240,-0.0769715157
98260,-0.1044640314
98280,-0.0624959745
98300,-0.0510343851
98320,-0.0529284296
98340,-0.0674179845
98360,-0.0765743915
98380,-0.0763728364
98400,-0.0666626411
98420,-0.0686351221
98440,-0.0472799067
98460,-0.0489975959
98480,-0.0889444831
98500,-0.0533354807
98520,-0.0949105487
98540,-0.0813734328
98560,-0.0785090813
98580,-0.0505047428
98600,-0.1035257351
98620,-0.0882268520
98640,-0.0813390531
98660,-0.0695177429
98680,-0.0736566289
98700,-0.0699565396
98720,-0.0881248898
98740,-0.0869208679
98760,-0.0426934440
98780,-0.1088682245
98800,-0.0897456218
98820,-0.1075837234
98840,-0.0947038793
98860,-0.1216735509
98880,-0.1154016289
98900,-0.1088739694
98920,-0.0998134605
98940,-0.0820227094
98960,-0.0907555846
98980,-0.0631990686
99000,-0.0725328302
99020,-0.0901632468
99040,-0.0983931052
99060,-0.0790015106
99080,-0.0777335260
99100,-0.0904891768
99120,-0.0894490600
99140,-0.0719757286
99160,-0.0755837887
99180,-0.0707237602
99200,-0.0799645632
99220,-0.0577475217
99240,-0.0925606766
99260,-0.0648480797
99280,-0.0967504319
99300,-0.0497855077
99320,-0.0636873410
99340,-0.0813035267
99360,-0.0720030392
99380,-0.0653829926
99400,-0.0529019594
99420,-0.0763919239
99440,-0.0604476171
99460,-0.0683767250
99480,-0.0597717908
99500,-0.0760131773
99520,-0.0921486231
99540,-0.0812888919
99560,-0.0958578330
99580,-0.0682111359
99600,-0.0784942984
99620,-0.0818704143
99640,-0.0528633859
99660,-0.0773602642
99680,-0.0554479843
99700,-0.0722972115
99720,-0.0700965139
99740,-0.0578541270
99760,-0.0765331389
99780,-0.0430993680
99800,-0.0972534219
99820,-0.0843019216
99840,-0.0738063533
99860,-0.0881813693
99880,-0.0772318963
99900,-0.0538320566
99920,-0.0604006867
99940,-0.0477593089
99960,-0.0831561697
99980,-0.0646601161
100000,-0.0958867969
